name,price,type,color,psu,side_panel,external_volume,internal_35_bays,form_factor_family,has_builtin_psu,estimated_max_gpu_length,is_estimated_gpu_clearance
Montech XR,83.59,ATX Mid Tower,Black,0.0,Tempered Glass,45.0,2,ATX,True,350,True
Phanteks XT PRO,67.98,ATX Mid Tower,Black,0.0,Tempered Glass,51.8,2,ATX,True,350,True
NZXT H5 Flow (2024),84.99,ATX Mid Tower,Black,0.0,Tempered Glass,45.0,1,ATX,True,350,True
Corsair 3500X ARGB,115.99,ATX Mid Tower,White,0.0,Tempered Glass,55.9,2,ATX,True,350,True
Cooler Master MasterBox Q300L,45.98,MicroATX Mini Tower,Black,0.0,Acrylic,33.6,1,MicroATX,True,300,True
Corsair 4000D Airflow,94.99,ATX Mid Tower,Black,0.0,Tinted Tempered Glass,48.6,2,ATX,True,350,True
Lian Li Lancool 207,81.99,ATX Mid Tower,Blue,0.0,Tempered Glass,45.5,2,ATX,True,350,True
NZXT H9 Flow (2023),119.99,ATX Mid Tower,Black,0.0,Tempered Glass,66.9,2,ATX,True,350,True
Lian Li O11 VISION COMPACT,124.99,ATX Mid Tower,White,0.0,Tempered Glass,57.4,2,ATX,True,350,True
Corsair 3500X ARGB,115.99,ATX Mid Tower,Black,0.0,Tempered Glass,55.9,2,ATX,True,350,True
Montech AIR 100 ARGB,69.9,MicroATX Mid Tower,Black,0.0,Tempered Glass,36.1,2,MicroATX,True,330,True
Montech AIR 903 MAX,74.99,ATX Mid Tower,Black,0.0,Tempered Glass,54.2,2,ATX,True,350,True
Lian Li A3-mATX,72.98,MicroATX Mini Tower,Black,0.0,Mesh,26.3,1,MicroATX,True,300,True
Fractal Design North,139.99,ATX Mid Tower,Black,0.0,Tempered Glass,45.1,2,ATX,True,350,True
HYTE Y70 Touch Infinite,439.95,ATX Mid Tower,White,0.0,Tempered Glass,70.7,2,ATX,True,350,True
Fractal Design North XL,179.99,ATX Full Tower,Black,0.0,Tinted Tempered Glass,61.4,2,ATX,True,400,True
Lian Li O11 VISION COMPACT,124.99,ATX Mid Tower,Black,0.0,Tempered Glass,57.4,2,ATX,True,350,True
NZXT H5 Flow (2024),59.99,ATX Mid Tower,White,0.0,Tempered Glass,45.0,1,ATX,True,350,True
Lian Li A3-mATX,89.99,MicroATX Mini Tower,Black / Brown,0.0,Mesh,26.3,1,MicroATX,True,300,True
Phanteks XT PRO ULTRA,80.98,ATX Mid Tower,Black,0.0,Tempered Glass,51.8,2,ATX,True,350,True
NZXT H9 Flow (2023),99.99,ATX Mid Tower,White,0.0,Tempered Glass,66.9,2,ATX,True,350,True
Montech XR,79.89,ATX Mid Tower,White,0.0,Tempered Glass,45.0,2,ATX,True,350,True
Lian Li O11D EVO RGB,159.99,ATX Mid Tower,Black,0.0,Tempered Glass,65.3,4,ATX,True,350,True
NZXT H6 Flow,109.97,ATX Mid Tower,Black,0.0,Tempered Glass,51.8,1,ATX,True,350,True
Montech AIR 903 BASE,64.98,ATX Mid Tower,Black,0.0,Tempered Glass,54.2,2,ATX,True,350,True
HYTE Y70 Touch Infinite,564.4,ATX Mid Tower,Black,0.0,Tempered Glass,70.7,2,ATX,True,350,True
NZXT H6 Flow,89.97,ATX Mid Tower,White,0.0,Tempered Glass,51.8,1,ATX,True,350,True
Corsair FRAME 4000D RS ARGB,104.99,ATX Mid Tower,Black,0.0,Tempered Glass,56.7,2,ATX,True,350,True
NZXT H3 Flow,69.98,MicroATX Mid Tower,Black,0.0,Tinted Tempered Glass,35.0,1,MicroATX,True,330,True
Fractal Design Terra,179.99,Mini ITX Desktop,Black / Brown,0.0,Mesh,11.4,0,Mini ITX,True,280,True
Antec C5 ARGB,114.99,ATX Mid Tower,Black,0.0,Tempered Glass,45.8,1,ATX,True,350,True
Fractal Design Pop XL Air,119.97,ATX Full Tower,Black,0.0,Tempered Glass,62.4,3,ATX,True,400,True
Lian Li LANCOOL 217,127.5,ATX Mid Tower,Black / Brown,0.0,Tempered Glass,57.7,1,ATX,True,350,True
Lian Li O11 Dynamic EVO XL,254.98,ATX Full Tower,Black,0.0,Tempered Glass,84.4,4,ATX,True,400,True
Montech KING 95 PRO,148.98,ATX Mid Tower,Black,0.0,Tempered Glass,63.0,5,ATX,True,350,True
Fractal Design Meshify C,109.99,ATX Mid Tower,Black,0.0,Tinted Tempered Glass,40.6,2,ATX,True,350,True
Cooler Master MasterBox NR200,67.29,Mini ITX Desktop,Black,0.0,Unknown,20.3,2,Mini ITX,True,280,True
Okinos Aqua 3,64.98,MicroATX Mini Tower,Black,0.0,Tempered Glass,28.8,2,MicroATX,True,300,True
Lian Li LANCOOL 216 RGB,102.97,ATX Mid Tower,Black,0.0,Tempered Glass,55.6,2,ATX,True,350,True
HYTE Y70,219.99,ATX Mid Tower,White,0.0,Tempered Glass,70.7,2,ATX,True,350,True
Fractal Design Pop Air,79.99,ATX Mid Tower,Black,0.0,Tempered Glass,46.2,2,ATX,True,350,True
NZXT H7 Flow (2024),129.99,ATX Mid Tower,Black,0.0,Tempered Glass,62.1,2,ATX,True,350,True
MUSETEX Y6,85.48,ATX Mid Tower,White,0.0,Tempered Glass,40.9,2,ATX,True,350,True
Corsair 3000D AIRFLOW,94.99,ATX Mid Tower,Black,0.0,Tempered Glass,49.5,2,ATX,True,350,True
Lian Li O11 Vision,142.99,ATX Mid Tower,Black,0.0,Tempered Glass,67.8,2,ATX,True,350,True
Fractal Design North,139.99,ATX Mid Tower,Black,0.0,Mesh,45.1,2,ATX,True,350,True
HYTE Y70,219.99,ATX Mid Tower,Black,0.0,Tempered Glass,70.7,2,ATX,True,350,True
Lian Li O11D EVO RGB,159.99,ATX Mid Tower,White,0.0,Tempered Glass,65.3,4,ATX,True,350,True
Montech X3 Mesh,54.99,ATX Mid Tower,Black,0.0,Tempered Glass,45.8,2,ATX,True,350,True
Cooler Master Elite 301 Lite,64.94,MicroATX Mini Tower,Black,0.0,Tempered Glass,34.1,1,MicroATX,True,300,True
Fractal Design Terra,179.99,Mini ITX Desktop,Green / Brown,0.0,Mesh,11.4,0,Mini ITX,True,280,True
Corsair FRAME 4000D,104.99,ATX Mid Tower,Black,0.0,Tempered Glass,56.7,2,ATX,True,350,True
NZXT H6 Flow RGB,129.97,ATX Mid Tower,White,0.0,Tempered Glass,51.8,1,ATX,True,350,True
Asus Prime AP201,89.97,MicroATX Mini Tower,Black,0.0,Mesh,33.0,3,MicroATX,True,300,True
Montech XR Wood,79.9,ATX Mid Tower,Black / Brown,0.0,Tempered Glass,49.8,2,ATX,True,350,True
Montech X5M,56.0,MicroATX Mini Tower,Black,0.0,Tempered Glass,45.3,2,MicroATX,True,300,True
Lian Li A3-mATX,89.99,MicroATX Mini Tower,White / Brown,0.0,Tempered Glass,26.3,1,MicroATX,True,300,True
Antec C8,99.99,ATX Full Tower,Black,0.0,Tempered Glass,66.9,2,ATX,True,400,True
Thermaltake Versa H18,118.5,MicroATX Mini Tower,Black,0.0,Acrylic,30.4,2,MicroATX,True,300,True
Silverstone ALTA F2,1062.27,ATX Full Tower,Black,0.0,Tempered Glass,98.9,8,ATX,True,400,True
NZXT H6 Flow RGB,134.97,ATX Mid Tower,Black,0.0,Tempered Glass,51.8,1,ATX,True,350,True
Corsair 5000D AIRFLOW,174.99,ATX Mid Tower,Black,0.0,Tempered Glass,66.2,2,ATX,True,350,True
Fractal Design Ridge PCIe 4.0,129.99,Mini ITX Tower,Black,0.0,Mesh,16.3,0,Mini ITX,True,320,True
Corsair 3500X,99.99,ATX Mid Tower,Black,0.0,Tempered Glass,55.9,2,ATX,True,350,True
NZXT H9 Elite,169.97,ATX Mid Tower,White,0.0,Tempered Glass,66.9,2,ATX,True,350,True
Zalman T3 PLUS,39.5,MicroATX Mid Tower,Black,0.0,Tempered Glass,30.9,1,MicroATX,True,330,True
Antec FLUX PRO,164.99,ATX Full Tower,Black / Brown,0.0,Tempered Glass,70.8,4,ATX,True,400,True
Cooler Master Elite 301,49.99,MicroATX Mid Tower,Black,0.0,Tempered Glass,34.1,1,MicroATX,True,330,True
Lian Li O11 Dynamic EVO XL,249.99,ATX Full Tower,White,0.0,Tempered Glass,84.4,4,ATX,True,400,True
Jonsbo Jonsplus Z20,99.0,MicroATX Desktop,Black,0.0,Tempered Glass,25.3,1,MicroATX,True,280,True
Fractal Design Pop Mini Air,99.99,MicroATX Mid Tower,Black,0.0,Tempered Glass,36.5,2,MicroATX,True,330,True
Azza Fighter,59.99,ATX Mid Tower,Black,0.0,Tempered Glass,34.2,2,ATX,True,350,True
Fractal Design North XL,194.97,ATX Full Tower,Black,0.0,Mesh,61.4,2,ATX,True,400,True
Corsair 4000D Airflow,103.59,ATX Mid Tower,White,0.0,Tinted Tempered Glass,48.6,2,ATX,True,350,True
MSI MAG FORGE 321R AIRFLOW,89.99,ATX Mid Tower,Black,0.0,Tempered Glass,49.4,2,ATX,True,350,True
Jonsbo D32 PRO,71.99,MicroATX Desktop,Black,0.0,Tempered Glass,25.7,2,MicroATX,True,280,True
Lian Li A4-H20 X4,154.99,Mini ITX Desktop,Black,0.0,Mesh,11.1,0,Mini ITX,True,280,True
Lian Li O11 Vision,138.97,ATX Mid Tower,White,0.0,Tempered Glass,67.8,2,ATX,True,350,True
Fractal Design North,139.99,ATX Mid Tower,White,0.0,Tempered Glass,45.1,2,ATX,True,350,True
Antec C5 ARGB,104.99,ATX Mid Tower,White,0.0,Tempered Glass,45.8,1,ATX,True,350,True
Okinos Cypress 3,64.98,MicroATX Mini Tower,Black / Brown,0.0,Tempered Glass,31.35,2,MicroATX,True,300,True
Fractal Design Focus G,59.99,ATX Mid Tower,Black,0.0,Acrylic,42.2,2,ATX,True,350,True
Thermaltake View 170 ARGB,62.99,MicroATX Mini Tower,Black,0.0,Tempered Glass,35.0,1,MicroATX,True,300,True
NZXT H5 Flow RGB (2024),119.99,ATX Mid Tower,Black,0.0,Tempered Glass,45.0,1,ATX,True,350,True
Fractal Design Terra,179.99,Mini ITX Desktop,Silver / Brown,0.0,Mesh,11.4,0,Mini ITX,True,280,True
NZXT H9 Flow RGB+ (2025),289.99,ATX Mid Tower,Black,0.0,Tinted Tempered Glass,76.7,2,ATX,True,350,True
Lian Li Lancool 207,89.99,ATX Mid Tower,White,0.0,Tempered Glass,45.5,2,ATX,True,350,True
NZXT H9 Elite,211.99,ATX Mid Tower,Black,0.0,Tempered Glass,66.9,2,ATX,True,350,True
Corsair 7000D AIRFLOW,289.99,ATX Full Tower,Black,0.0,Tempered Glass,81.8,6,ATX,True,400,True
Lian Li ODYSSEY X,1468.05,ATX Full Tower,Black,0.0,Tempered Glass,74.8,3,ATX,True,400,True
Lian Li LANCOOL 216,111.97,ATX Mid Tower,Black,0.0,Tempered Glass,55.6,2,ATX,True,350,True
Thermaltake View 270 Plus TG ARGB,78.99,ATX Mid Tower,Black,0.0,Tempered Glass,47.6,2,ATX,True,350,True
Antec FLUX,104.99,ATX Mid Tower,Black / Brown,0.0,Tempered Glass,58.1,2,ATX,True,350,True
Lian Li A3-mATX,72.98,MicroATX Mini Tower,White,0.0,Mesh,26.3,1,MicroATX,True,300,True
Cooler Master MasterBox NR200P V2,109.99,Mini ITX Desktop,Black,0.0,Mesh,20.1,1,Mini ITX,True,280,True
Montech KING 95 PRO,139.0,ATX Mid Tower,White,0.0,Tempered Glass,63.0,5,ATX,True,350,True
Corsair 9000D RGB AIRFLOW,519.99,ATX Full Tower,Black,0.0,Tempered Glass,149.6,5,ATX,True,400,True
Thermaltake V100 Perforated,49.99,ATX Mid Tower,Black,0.0,Unknown,36.6,2,ATX,True,350,True
Mars Gaming MC-S2,79.34,ATX Mid Tower,White,0.0,Acrylic,19.5,1,ATX,True,350,True
Corsair FRAME 4000D RS,94.99,ATX Mid Tower,Black,0.0,Tempered Glass,56.7,2,ATX,True,350,True
Fractal Design Focus 2,74.99,ATX Mid Tower,Black,0.0,Unknown,45.8,2,ATX,True,350,True
Asus ROG Strix Helios,234.97,ATX Full Tower,Black,0.0,Tempered Glass,83.5,2,ATX,True,400,True
Fractal Design Pop Air RGB,99.99,ATX Mid Tower,Black,0.0,Tempered Glass,46.2,2,ATX,True,350,True
Zalman CUBIX,37.99,MicroATX Mini Tower,Black,0.0,Unknown,31.35,1,MicroATX,True,300,True
NZXT H9 Flow (2025),164.99,ATX Mid Tower,Black,0.0,Tinted Tempered Glass,76.7,2,ATX,True,350,True
Montech KING 65 PRO,94.99,ATX Mid Tower,Black,0.0,Tempered Glass,63.0,2,ATX,True,350,True
Fractal Design Define R5,124.99,ATX Mid Tower,Black,0.0,Unknown,54.2,8,ATX,True,350,True
Cooler Master MasterBox Q300L,36.99,MicroATX Mini Tower,White,0.0,Acrylic,33.6,1,MicroATX,True,300,True
NZXT H9 Flow RGB+ (2025),289.99,ATX Mid Tower,White,0.0,Tempered Glass,76.7,2,ATX,True,350,True
Cooler Master Q300L V2,55.98,MicroATX Mini Tower,Black,0.0,Tempered Glass,34.1,1,MicroATX,True,300,True
Antec C8 Wood,119.99,ATX Full Tower,Black / Brown,0.0,Tempered Glass,66.9,2,ATX,True,400,True
Lian Li O11 Dynamic Mini,229.0,ATX Mid Tower,Black,0.0,Tempered Glass,43.0,2,ATX,True,350,True
Montech AIR 100 ARGB,69.98,MicroATX Mid Tower,White,0.0,Tempered Glass,36.1,2,MicroATX,True,330,True
HYTE Y60,179.99,ATX Mid Tower,Black,0.0,Tempered Glass,60.0,2,ATX,True,350,True
MUSETEX K2,74.98,ATX Mid Tower,Black,0.0,Tempered Glass,44.4,2,ATX,True,350,True
Fractal Design Ridge PCIe 4.0,142.97,Mini ITX Tower,White,0.0,Mesh,16.3,0,Mini ITX,True,320,True
HYTE Y70 Touch Infinite,399.99,ATX Mid Tower,White / Black,0.0,Tempered Glass,70.7,2,ATX,True,350,True
Zalman S2,49.98,ATX Mid Tower,Black,0.0,Acrylic,38.4,2,ATX,True,350,True
Fractal Design North XL,179.99,ATX Full Tower,White,0.0,Tempered Glass,61.4,2,ATX,True,400,True
Zalman T8,42.95,ATX Mid Tower,Black,0.0,Unknown,33.4,2,ATX,True,350,True
Jonsbo C6-ITX,62.0,Mini ITX Desktop,Black,0.0,Mesh,15.9,1,Mini ITX,True,280,True
Lian Li A4-H20 A4,154.99,Mini ITX Desktop,Silver / Black,0.0,Mesh,11.1,0,Mini ITX,True,280,True
GameMax Nova N5,50.99,ATX Mid Tower,Black,0.0,Tempered Glass,37.6,2,ATX,True,350,True
Lian Li LANCOOL III RGB,179.99,ATX Mid Tower,Black,0.0,Tempered Glass,65.5,4,ATX,True,350,True
SAMA SV01,79.99,ATX Mid Tower,Black,0.0,Tempered Glass,43.5,2,ATX,True,350,True
be quiet! Pure Base 500DX,109.9,ATX Mid Tower,Black,0.0,Tempered Glass,48.3,2,ATX,True,350,True
NZXT H3 Flow,69.98,MicroATX Mid Tower,White,0.0,Tempered Glass,35.0,1,MicroATX,True,330,True
NZXT H5 Flow RGB (2024),89.99,ATX Mid Tower,White,0.0,Tempered Glass,45.0,1,ATX,True,350,True
Fractal Design Torrent,204.99,ATX Mid Tower,Black,0.0,Tinted Tempered Glass,69.8,2,ATX,True,350,True
Montech AIR 100 LITE,79.98,MicroATX Mid Tower,Black,0.0,Tempered Glass,36.1,2,MicroATX,True,330,True
Lian Li A3-mATX,89.99,MicroATX Mini Tower,Black / Brown,0.0,Tempered Glass,26.3,1,MicroATX,True,300,True
Thermaltake Versa H16 ARGB,54.99,MicroATX Mini Tower,Black,0.0,Tempered Glass,33.0,2,MicroATX,True,300,True
GameMax Vista M,53.9,MicroATX Mini Tower,Black,0.0,Tempered Glass,40.9,2,MicroATX,True,300,True
Phanteks Eclipse G370A,56.98,ATX Mid Tower,Black,0.0,Tempered Glass,48.7,0,ATX,True,350,True
Thermaltake View 170 ARGB,67.99,MicroATX Mini Tower,White,0.0,Tempered Glass,35.0,1,MicroATX,True,300,True
Montech AIR 903 BASE,69.0,ATX Mid Tower,White,0.0,Tempered Glass,54.2,2,ATX,True,350,True
MSI MAG PANO 100R PZ,159.99,ATX Mid Tower,Black,0.0,Tempered Glass,72.5,2,ATX,True,350,True
GAMDIAS TALOS E3 MESH,59.99,ATX Mid Tower,Black,0.0,Tempered Glass,34.1,2,ATX,True,350,True
Antec NX200M,92.97,MicroATX Mid Tower,Black,0.0,Tempered Glass,35.4,2,MicroATX,True,330,True
Fractal Design Meshify 2,164.99,ATX Mid Tower,Black,0.0,Unknown,61.7,6,ATX,True,350,True
Fractal Design Node 804,134.99,MicroATX Mid Tower,Black,0.0,Acrylic,41.1,10,MicroATX,True,330,True
Phanteks NV5 MKII,120.98,ATX Mid Tower,Black,0.0,Tempered Glass,60.2,3,ATX,True,350,True
Phanteks EVOLV X2,174.98,ATX Mid Tower,Black,0.0,Tempered Glass,60.9,2,ATX,True,350,True
NZXT H7 Flow RGB (2024),149.99,ATX Mid Tower,Black,0.0,Tempered Glass,62.1,2,ATX,True,350,True
Cooler Master MasterBox NR200,89.99,Mini ITX Desktop,White / Black,0.0,Unknown,20.3,2,Mini ITX,True,280,True
HYTE Y40,129.99,ATX Mid Tower,Black,0.0,Tempered Glass,49.7,1,ATX,True,350,True
Montech X5,75.0,ATX Mid Tower,Black,0.0,Tempered Glass,51.6,2,ATX,True,350,True
HAVN HS420,229.99,ATX Mid Tower,Black,0.0,Tempered Glass,76.8,5,ATX,True,350,True
Thermaltake Versa H18,54.99,MicroATX Mini Tower,Black,0.0,Tempered Glass,30.4,2,MicroATX,True,300,True
Corsair iCUE 4000X RGB,144.99,ATX Mid Tower,Black,0.0,Tempered Glass,48.6,2,ATX,True,350,True
Fractal Design Meshify 3,154.99,ATX Mid Tower,Black,0.0,Tinted Tempered Glass,50.3,2,ATX,True,350,True
Fractal Design North,154.97,ATX Mid Tower,White,0.0,Mesh,45.1,2,ATX,True,350,True
Thermaltake Core V1,53.68,Mini ITX Desktop,Black,0.0,Unknown,22.4,2,Mini ITX,True,280,True
HYTE Y60 Snow White,179.99,ATX Mid Tower,White,0.0,Tempered Glass,60.0,2,ATX,True,350,True
Fractal Design Node 304,109.99,Mini ITX Tower,Black / White,0.0,Unknown,19.5,6,Mini ITX,True,320,True
Cooler Master MasterBox TD500 Mesh V2,107.89,ATX Mid Tower,Unknown,0.0,Tempered Glass,52.4,2,ATX,True,350,True
Lian Li Lancool 207 Digital,104.99,ATX Mid Tower,Black,0.0,Tempered Glass,45.5,2,ATX,True,350,True
Corsair 6500X,199.99,ATX Mid Tower,Black,0.0,Tempered Glass,78.3,2,ATX,True,350,True
MSI MAG PANO 100R PZ,159.99,ATX Mid Tower,White,0.0,Tempered Glass,72.5,2,ATX,True,350,True
Montech X5M,56.0,MicroATX Mini Tower,White,0.0,Tempered Glass,45.3,2,MicroATX,True,300,True
Fractal Design Pop Mini Air,99.99,MicroATX Mid Tower,White,0.0,Tempered Glass,36.5,2,MicroATX,True,330,True
DIYPC DIY-S07,43.97,ATX Mid Tower,Black,0.0,Acrylic,27.5,2,ATX,True,350,True
Thermaltake Versa H17,49.99,MicroATX Mini Tower,Black,0.0,Unknown,30.4,2,MicroATX,True,300,True
Jonsbo TK-0,129.99,Mini ITX Desktop,Black,0.0,Tempered Glass,16.4,1,Mini ITX,True,280,True
Thermaltake Versa H21,47.99,ATX Mid Tower,Black,0.0,Unknown,42.8,3,ATX,True,350,True
Corsair 2500X,145.13,MicroATX Mini Tower,Black,0.0,Tempered Glass,54.8,2,MicroATX,True,300,True
Thermaltake View 270 Plus TG ARGB,89.99,ATX Mid Tower,White,0.0,Tempered Glass,47.6,2,ATX,True,350,True
HYTE Y70,219.99,ATX Mid Tower,Pink,0.0,Tempered Glass,70.7,2,ATX,True,350,True
Antec AX20,98.32,ATX Mid Tower,Black,0.0,Tempered Glass,33.4,2,ATX,True,350,True
Montech AIR 903 MAX,89.99,ATX Mid Tower,White,0.0,Tempered Glass,54.2,2,ATX,True,350,True
Fractal Design Define 7,194.99,ATX Mid Tower,Black,0.0,Unknown,62.4,6,ATX,True,350,True
MSI MAG FORGE 100R,157.02,ATX Mid Tower,Black,0.0,Tempered Glass,45.8,2,ATX,True,350,True
NZXT H7 Flow (2024),109.99,ATX Mid Tower,White,0.0,Tempered Glass,62.1,2,ATX,True,350,True
Fractal Design Meshify 2 XL,219.99,ATX Full Tower,Black,0.0,Tinted Tempered Glass,81.5,6,ATX,True,400,True
Corsair 3500X,89.99,ATX Mid Tower,White,0.0,Tempered Glass,55.9,2,ATX,True,350,True
Corsair FRAME 4000D RS ARGB,124.99,ATX Mid Tower,White,0.0,Tempered Glass,56.7,2,ATX,True,350,True
MSI MAG FORGE 112R,89.99,ATX Mid Tower,Black,0.0,Tempered Glass,42.5,2,ATX,True,350,True
Lian Li O11 Vision Chrome,164.0,ATX Mid Tower,Black,0.0,Tinted Tempered Glass,67.8,2,ATX,True,350,True
HAVN HS420 VGPU,299.99,ATX Mid Tower,Black,0.0,Tempered Glass,76.8,5,ATX,True,350,True
Corsair iCUE 4000X RGB,86.99,ATX Mid Tower,White,0.0,Tempered Glass,48.6,2,ATX,True,350,True
Asus Prime AP201,79.98,MicroATX Mini Tower,White,0.0,Mesh,33.0,3,MicroATX,True,300,True
Lian Li ODYSSEY X,1486.88,ATX Full Tower,Silver / Black,0.0,Tempered Glass,74.8,3,ATX,True,400,True
Lian Li Vector V100R,94.0,ATX Mid Tower,White,0.0,Tempered Glass,53.2,1,ATX,True,350,True
Thermaltake The Tower 300,99.99,MicroATX Mini Tower,Black,0.0,Tempered Glass,53.0,3,MicroATX,True,300,True
Asus TUF Gaming GT502,179.97,ATX Mid Tower,Black,0.0,Tempered Glass,57.2,4,ATX,True,350,True
Thermaltake The Tower 600,169.99,ATX Mid Tower,Black,0.0,Tempered Glass,66.2,1,ATX,True,350,True
Corsair iCUE LINK 3500X RGB,159.99,ATX Mid Tower,Black,0.0,Tempered Glass,55.9,2,ATX,True,350,True
Corsair 3000D RGB AIRFLOW,124.99,ATX Mid Tower,Black,0.0,Tempered Glass,49.5,2,ATX,True,350,True
Cooler Master N400,64.99,ATX Mid Tower,Black,0.0,Unknown,40.2,7,ATX,True,350,True
Asus Prime AP201,83.99,MicroATX Mini Tower,Black,0.0,Tempered Glass,33.0,3,MicroATX,True,300,True
Lian Li LANCOOL 216 RGB,105.97,ATX Mid Tower,White,0.0,Tempered Glass,55.6,2,ATX,True,350,True
NZXT H9 Flow (2025),159.99,ATX Mid Tower,White,0.0,Tempered Glass,76.7,2,ATX,True,350,True
Fractal Design Define 7 XL,224.99,ATX Full Tower,Black,0.0,Unknown,82.0,6,ATX,True,400,True
be quiet! Pure Base 501 Airflow,106.99,ATX Mid Tower,Black,0.0,Unknown,48.1,2,ATX,True,350,True
Cooler Master N200,59.99,MicroATX Mini Tower,Black,0.0,Unknown,33.8,2,MicroATX,True,300,True
Fractal Design Pop Air,84.99,ATX Mid Tower,Black,0.0,Unknown,46.2,2,ATX,True,350,True
BGears b-Vortex-RGB,48.99,ATX Mid Tower,Black,0.0,Tempered Glass,38.3,2,ATX,True,350,True
Lian Li LANCOOL 205M MESH,89.99,MicroATX Mini Tower,Black,0.0,Tempered Glass,33.8,2,MicroATX,True,300,True
Jonsbo N4,119.99,MicroATX Desktop,Black / Brown,0.0,Mesh,19.6,6,MicroATX,True,280,True
be quiet! Light Base 600 LX,179.9,ATX Mid Tower,Black,0.0,Tempered Glass,59.7,1,ATX,True,350,True
BGears b-Pellucid,54.99,MicroATX Mini Tower,Black,0.0,Tinted Tempered Glass,36.6,1,MicroATX,True,300,True
Vetroo AL900,84.99,ATX Mid Tower,Pink,0.0,Tempered Glass,48.1,0,ATX,True,350,True
Phanteks XT PRO ULTRA,81.98,ATX Mid Tower,White,0.0,Tempered Glass,51.8,2,ATX,True,350,True
Thermaltake View 380 ARGB,103.99,ATX Mid Tower,Black,0.0,Tinted Tempered Glass,51.6,1,ATX,True,350,True
Fractal Design Pop XL Silent,109.99,ATX Full Tower,Black,0.0,Unknown,62.4,3,ATX,True,400,True
HYTE Y70 Touch Infinite,419.99,ATX Mid Tower,Red / Black,0.0,Tempered Glass,70.7,2,ATX,True,350,True
Corsair iCUE 7000X RGB,359.99,ATX Full Tower,Black,0.0,Tempered Glass,81.8,6,ATX,True,400,True
SAMA SV01,79.99,ATX Mid Tower,White,0.0,Tempered Glass,43.5,2,ATX,True,350,True
PC Cooler I100 PRO MESH,101.69,Mini ITX Desktop,Gray,0.0,Mesh,7.5,1,Mini ITX,True,280,True
Montech X3 Mesh,69.98,ATX Mid Tower,White,0.0,Tempered Glass,45.8,2,ATX,True,350,True
Cooler Master MasterBox NR200P V2,104.99,Mini ITX Desktop,White,0.0,Mesh,20.1,1,Mini ITX,True,280,True
Lian Li LANCOOL 217,124.99,ATX Mid Tower,White / Brown,0.0,Tempered Glass,57.7,1,ATX,True,350,True
Antec C3 ARGB,97.19,ATX Mid Tower,Black,0.0,Tempered Glass,47.9,1,ATX,True,350,True
Thermaltake Versa H16 ARGB,49.99,MicroATX Mini Tower,White,0.0,Tempered Glass,33.0,2,MicroATX,True,300,True
NZXT H5 Flow RGB (2023),59.99,ATX Mid Tower,Black,0.0,Tempered Glass,47.0,1,ATX,True,350,True
Fractal Design Focus 2,77.98,ATX Mid Tower,Black,0.0,Tempered Glass,45.8,2,ATX,True,350,True
Asus A31,74.98,ATX Mid Tower,Black,0.0,Tempered Glass,52.9,2,ATX,True,350,True
Corsair iCUE 5000D RGB AIRFLOW,204.99,ATX Mid Tower,Black,0.0,Tempered Glass,66.2,2,ATX,True,350,True
Antec C8 Curve Wood,152.99,ATX Mid Tower,Black / Brown,0.0,Tempered Glass,66.9,1,ATX,True,350,True
Jonsbo C6 MAX,79.99,MicroATX Desktop,Black,0.0,Tempered Glass,20.8,1,MicroATX,True,280,True
Zalman S3,49.99,ATX Mid Tower,Black,0.0,Acrylic,38.4,2,ATX,True,350,True
Phanteks XT View,99.98,ATX Mid Tower,Black,0.0,Tempered Glass,50.6,2,ATX,True,350,True
Cooler Master QUBE 500 Flatpack,79.98,ATX Mid Tower,Black,0.0,Tempered Glass,38.9,4,ATX,True,350,True
Thermaltake TR100,149.99,Mini ITX Desktop,Black,0.0,Mesh,20.6,0,Mini ITX,True,280,True
Montech SKY TWO,99.99,ATX Mid Tower,Black,0.0,Tempered Glass,45.3,2,ATX,True,350,True
BitFenix Nova Mesh SE,69.9,ATX Mid Tower,Black,0.0,Tempered Glass,36.1,2,ATX,True,350,True
Corsair iCUE LINK 3500X RGB,159.99,ATX Mid Tower,White,0.0,Tempered Glass,55.9,2,ATX,True,350,True
MSI MPG GUNGNIR 110R,109.97,ATX Mid Tower,Black,0.0,Tempered Glass,45.8,2,ATX,True,350,True
DIYPC DIY-CUBE01,58.98,MicroATX Mini Tower,White,0.0,Tempered Glass,40.0,0,MicroATX,True,300,True
Phanteks Enthoo Pro Tempered Glass,143.98,ATX Full Tower,Black,0.0,Tinted Tempered Glass,69.1,6,ATX,True,400,True
MSI MAG PANO M100R PZ,129.99,MicroATX Mid Tower,White,0.0,Tempered Glass,41.9,1,MicroATX,True,330,True
Jonsbo D31 MESH,87.99,MicroATX Mini Tower,Black,0.0,Tempered Glass,31.3,1,MicroATX,True,300,True
Montech XR Wood,67.9,ATX Mid Tower,White / Brown,0.0,Tempered Glass,49.8,2,ATX,True,350,True
Asus ProArt PA602,275.99,ATX Mid Tower,Black,0.0,Tempered Glass,81.4,4,ATX,True,350,True
GAMDIAS ATHENA M3,74.98,ATX Mid Tower,Black,0.0,Tempered Glass,45.1,2,ATX,True,350,True
Asus A21,57.99,MicroATX Mini Tower,Black,0.0,Tempered Glass,44.0,2,MicroATX,True,300,True
Fractal Design North XL,194.99,ATX Full Tower,White,0.0,Mesh,61.4,2,ATX,True,400,True
Corsair 6500X,199.99,ATX Mid Tower,White,0.0,Tempered Glass,78.3,2,ATX,True,350,True
Jonsbo N5,254.99,ATX Full Tower,Black / Brown,0.0,Mesh,50.1,12,ATX,True,400,True
Phanteks EVOLV X2,219.98,ATX Mid Tower,White,0.0,Tempered Glass,60.9,2,ATX,True,350,True
Corsair 2500X,144.38,MicroATX Mini Tower,White,0.0,Tempered Glass,54.8,2,MicroATX,True,300,True
Aerocool Prism V2 RGB,59.99,ATX Mid Tower,Black,0.0,Tempered Glass,41.7,2,ATX,True,350,True
SSUPD Meshroom D,99.99,Mini ITX Desktop,Black,0.0,Mesh,15.0,3,Mini ITX,True,280,True
Okinos Aqua 3,67.98,MicroATX Mini Tower,White,0.0,Tempered Glass,28.8,2,MicroATX,True,300,True
SAMA ARGB-Q5,63.99,MicroATX Mini Tower,White,0.0,Tempered Glass,31.5,2,MicroATX,True,300,True
Antec NX410,54.99,ATX Mid Tower,White,0.0,Tempered Glass,39.7,2,ATX,True,350,True
Antec C8,119.99,ATX Full Tower,White / Silver,0.0,Tempered Glass,66.9,2,ATX,True,400,True
Fractal Design Pop Mini Silent,84.99,MicroATX Mid Tower,Black,0.0,Unknown,36.5,2,MicroATX,True,330,True
Lian Li Q58 (PCIe 4.0),94.99,Mini ITX Desktop,White,0.0,Tempered Glass,14.5,0,Mini ITX,True,280,True
HYTE Y70,219.99,ATX Mid Tower,White / Black,0.0,Tempered Glass,70.7,2,ATX,True,350,True
Corsair iCUE 4000D RGB AIRFLOW,89.99,ATX Mid Tower,White,0.0,Tempered Glass,48.6,2,ATX,True,350,True
MSI MAG PANO M100R PZ,127.76,MicroATX Mid Tower,Black,0.0,Tempered Glass,41.9,1,MicroATX,True,330,True
Fractal Design Era 2,212.98,Mini ITX Tower,Black / Brown,0.0,Mesh,19.0,0,Mini ITX,True,320,True
ZZEW A1 Plus,109.99,Mini ITX Tower,Silver,0.0,Mesh,5.8,0,Mini ITX,True,320,True
Fractal Design Meshify 3 Ambience Pro RGB,239.99,ATX Mid Tower,Black,0.0,Tinted Tempered Glass,50.3,2,ATX,True,350,True
Jonsbo C6,60.0,MicroATX Mini Tower,Black,0.0,Mesh,15.9,1,MicroATX,True,300,True
Jonsbo N3,154.99,Mini ITX Desktop,Black,0.0,Unknown,18.2,0,Mini ITX,True,280,True
be quiet! Light Base 900 FX,249.9,ATX Full Tower,Black,0.0,Tempered Glass,84.2,1,ATX,True,400,True
Thermaltake View 380 XL TG ARGB,99.99,ATX Mid Tower,Black,0.0,Tempered Glass,63.6,1,ATX,True,350,True
Cooler Master HAF 700 EVO,449.99,ATX Full Tower,Gray / Black,0.0,Tempered Glass,74.8,12,ATX,True,400,True
darkFlash DB330M,59.49,MicroATX Mini Tower,Black,0.0,Tempered Glass,29.0,1,MicroATX,True,300,True
Corsair 2000D AIRFLOW,139.99,Mini ITX Tower,Black,0.0,Mesh,24.8,0,Mini ITX,True,320,True
Corsair 2500D Airflow,101.93,MicroATX Mini Tower,Black,0.0,Tempered Glass,54.8,2,MicroATX,True,300,True
Corsair 2000D AIRFLOW,119.99,Mini ITX Tower,White,0.0,Mesh,24.8,0,Mini ITX,True,320,True
be quiet! Silent Base 802,189.9,ATX Mid Tower,Black,0.0,Unknown,83.8,3,ATX,True,350,True
Fractal Design Mood,162.97,Mini ITX Tower,Black,0.0,Mesh,20.4,1,Mini ITX,True,320,True
HYTE Y40,129.99,ATX Mid Tower,White,0.0,Tempered Glass,49.7,1,ATX,True,350,True
Antec C8,199.8,ATX Full Tower,White,0.0,Tempered Glass,66.9,2,ATX,True,400,True
Fractal Design Meshify 3,154.99,ATX Mid Tower,Black,0.0,Unknown,50.3,2,ATX,True,350,True
DARKROCK Classico Storage Master,89.99,ATX Mid Tower,Black,0.0,Mesh,45.8,10,ATX,True,350,True
Corsair iCUE 220T RGB Airflow,84.98,ATX Mid Tower,Black,0.0,Tempered Glass,37.3,2,ATX,True,350,True
HYTE Y40,129.99,ATX Mid Tower,White / Black,0.0,Tempered Glass,49.7,1,ATX,True,350,True
Zalman P30,79.99,MicroATX Mini Tower,White,0.0,Tempered Glass,45.7,2,MicroATX,True,300,True
Corsair 9000D RGB AIRFLOW,519.99,ATX Full Tower,White,0.0,Tempered Glass,149.6,5,ATX,True,400,True
Jonsbo N10,61.99,Mini ITX Tower,Black,0.0,Mesh,4.5,0,Mini ITX,True,320,True
ENDORFY Ventum 200 Air,64.0,ATX Mid Tower,Black,0.0,Tempered Glass,35.4,1,ATX,True,350,True
HAVN HS420 VGPU,299.99,ATX Mid Tower,White,0.0,Tempered Glass,76.8,5,ATX,True,350,True
Jonsbo N2,136.99,Mini ITX Desktop,Black,0.0,Unknown,11.1,5,Mini ITX,True,280,True
Antec AX61 ELITE,79.03,ATX Mid Tower,Black,0.0,Tempered Glass,36.4,2,ATX,True,350,True
Thermaltake TR100,149.99,Mini ITX Desktop,Green / Black,0.0,Mesh,20.6,0,Mini ITX,True,280,True
Fractal Design Core 1000 USB 3.0,49.99,MicroATX Mid Tower,Black,0.0,Unknown,25.8,2,MicroATX,True,330,True
HYTE Y60,179.99,ATX Mid Tower,White / Black,0.0,Tempered Glass,60.0,2,ATX,True,350,True
MSI MAG FORGE M100A,108.62,MicroATX Mid Tower,Black,0.0,Tempered Glass,32.8,2,MicroATX,True,330,True
HYTE Y70,219.99,ATX Mid Tower,Purple,0.0,Tempered Glass,70.7,2,ATX,True,350,True
DIYPC ARGB-N1,71.99,MicroATX Mid Tower,White,0.0,Tempered Glass,44.7,2,MicroATX,True,330,True
Phanteks XT M3,67.98,MicroATX Mid Tower,White,0.0,Tempered Glass,40.0,1,MicroATX,True,330,True
Fractal Design Focus 2 RGB,89.99,ATX Mid Tower,Black,0.0,Tempered Glass,45.8,2,ATX,True,350,True
SAMA 3509,64.99,ATX Mid Tower,Black,0.0,Tempered Glass,41.4,2,ATX,True,350,True
Asus Prime AP201,84.99,MicroATX Mini Tower,White,0.0,Tempered Glass,33.0,3,MicroATX,True,300,True
be quiet! Light Base 900 DX,204.9,ATX Full Tower,Black,0.0,Tempered Glass,84.2,1,ATX,True,400,True
DIYPC ARGB Q10,72.99,ATX Mid Tower,Black,0.0,Tempered Glass,50.4,1,ATX,True,350,True
Asus TUF Gaming GT501,164.99,ATX Mid Tower,Black / Gray,0.0,Tempered Glass,75.5,4,ATX,True,350,True
Asus TUF Gaming GT302 ARGB,166.03,ATX Mid Tower,Black,0.0,Tempered Glass,59.3,2,ATX,True,350,True
NZXT H5 Elite,195.0,ATX Mid Tower,Black,0.0,Tempered Glass,47.0,1,ATX,True,350,True
Fractal Design Pop XL Air,119.99,ATX Full Tower,White,0.0,Tempered Glass,62.4,3,ATX,True,400,True
Silverstone ALTA D1,838.88,ATX Full Tower,Black,0.0,Mesh,78.8,4,ATX,True,400,True
Corsair 6500D Airflow,199.99,ATX Mid Tower,Black,0.0,Tempered Glass,78.3,2,ATX,True,350,True
Fractal Design Meshify 3 XL Ambience Pro RGB,274.99,ATX Full Tower,Black,0.0,Tinted Tempered Glass,72.6,2,ATX,True,400,True
Fractal Design Core 1100,49.99,MicroATX Mini Tower,Black,0.0,Unknown,25.7,2,MicroATX,True,300,True
Fractal Design Pop Air,99.99,ATX Mid Tower,White,0.0,Tempered Glass,46.2,2,ATX,True,350,True
Cooler Master Elite 301 Lite,55.99,MicroATX Mini Tower,White,0.0,Tempered Glass,34.1,1,MicroATX,True,300,True
Corsair iCUE 4000D RGB AIRFLOW,149.99,ATX Mid Tower,Black,0.0,Tempered Glass,48.6,2,ATX,True,350,True
NZXT H7 Flow RGB (2024),149.99,ATX Mid Tower,White,0.0,Tempered Glass,62.1,2,ATX,True,350,True
Corsair iCUE LINK 6500X RGB,269.99,ATX Mid Tower,Black,0.0,Tempered Glass,78.3,2,ATX,True,350,True
Fractal Design Torrent,204.99,ATX Mid Tower,Black,0.0,Unknown,69.8,2,ATX,True,350,True
MSI MPG GUNGNIR 300R AIRFLOW,129.99,ATX Mid Tower,Black,0.0,Tempered Glass,60.5,2,ATX,True,350,True
Fractal Design Torrent RGB,236.99,ATX Mid Tower,Black,0.0,Tinted Tempered Glass,69.8,2,ATX,True,350,True
Corsair iCUE 5000X RGB,204.99,ATX Mid Tower,Black,0.0,Tempered Glass,66.2,2,ATX,True,350,True
Asus ProArt PA602 Wood Edition,279.99,ATX Mid Tower,Black / Brown,0.0,Tempered Glass,81.4,4,ATX,True,350,True
Fractal Design Define 7 Compact,124.99,ATX Mid Tower,Black,0.0,Unknown,42.5,2,ATX,True,350,True
Zalman S4,49.98,ATX Mid Tower,Black,0.0,Tinted Acrylic,45.8,2,ATX,True,350,True
Fractal Design Meshify 3 XL,184.99,ATX Full Tower,Black,0.0,Unknown,72.6,2,ATX,True,400,True
Lian Li Lancool II Mesh,295.0,ATX Mid Tower,Black,0.0,Tempered Glass,54.1,3,ATX,True,350,True
Cooler Master NCORE 100 AIR,139.99,Mini ITX Tower,Black,0.0,Mesh,16.4,0,Mini ITX,True,320,True
Fractal Design Meshify 2 Compact TG Light Tint,147.98,ATX Mid Tower,Black,0.0,Tempered Glass,42.3,2,ATX,True,350,True
Fractal Design Mood,164.99,Mini ITX Tower,Gray,0.0,Mesh,20.4,1,Mini ITX,True,320,True
Raidmax INFINITA i802 AIR,59.99,ATX Mid Tower,Black,0.0,Tempered Glass,38.0,2,ATX,True,350,True
be quiet! Pure Base 600,99.9,ATX Mid Tower,Black,0.0,Unknown,50.9,3,ATX,True,350,True
GAMDIAS ATLAS M1,84.99,ATX Mid Tower,Black,0.0,Tempered Glass,41.0,1,ATX,True,350,True
Lian Li O11D EVO RGB Automobili Lamborghini,299.99,ATX Mid Tower,Black / Gold,0.0,Tempered Glass,65.3,4,ATX,True,350,True
ENDORFY Ventum 200 ARGB,72.0,ATX Mid Tower,Black,0.0,Tempered Glass,35.4,1,ATX,True,350,True
Corsair 2500X Walnut,159.99,MicroATX Mini Tower,Black / Brown,0.0,Tempered Glass,54.8,2,MicroATX,True,300,True
GameMax F46,66.99,ATX Mid Tower,Black,0.0,Tempered Glass,40.6,2,ATX,True,350,True
MUSETEX NN8,79.98,ATX Mid Tower,Black,0.0,Tempered Glass,39.5,2,ATX,True,350,True
Zalman CUBIX,37.99,MicroATX Mini Tower,White,0.0,Unknown,31.35,1,MicroATX,True,300,True
be quiet! Pure Base 500 FX,124.93,ATX Mid Tower,Black,0.0,Tempered Glass,48.3,2,ATX,True,350,True
Corsair FRAME 4000D,104.99,ATX Mid Tower,White,0.0,Tempered Glass,56.7,2,ATX,True,350,True
Jonsbo Jonsplus Z20,104.98,MicroATX Desktop,White,0.0,Tempered Glass,25.3,1,MicroATX,True,280,True
Jonsbo Jonsplus Z20,104.0,MicroATX Desktop,Orange / Black,0.0,Tempered Glass,25.3,1,MicroATX,True,280,True
Jonsbo D32 PRO,80.99,MicroATX Desktop,White,0.0,Tempered Glass,25.7,2,MicroATX,True,280,True
Thermaltake AX700,399.99,ATX Full Tower,Black,0.0,Mesh,141.4,18,ATX,True,400,True
Vetroo AL800,59.99,ATX Mid Tower,Pink,0.0,Tempered Glass,46.4,2,ATX,True,350,True
Thermaltake View 380 ARGB,114.99,ATX Mid Tower,White,0.0,Tinted Tempered Glass,51.6,1,ATX,True,350,True
iBuypower Trace 7 Mesh Pro ARGB,114.99,ATX Mid Tower,Black,0.0,Tempered Glass,51.8,2,ATX,True,350,True
BitFenix TRITON,69.9,ATX Mid Tower,Black,0.0,Tempered Glass,45.1,2,ATX,True,350,True
Fractal Design Pop Silent,84.99,ATX Mid Tower,Black,0.0,Unknown,46.2,2,ATX,True,350,True
Asus TUF Gaming GT301,92.99,ATX Mid Tower,Black,0.0,Tempered Glass,43.9,2,ATX,True,350,True
HYTE REVOLT 3,129.99,Mini ITX Tower,Black,0.0,Mesh,18.4,1,Mini ITX,True,320,True
Cooler Master MasterBox TD500 Mesh V2,109.99,ATX Mid Tower,White,0.0,Tempered Glass,52.4,2,ATX,True,350,True
Fractal Design Meshify C,99.99,ATX Mid Tower,Black,0.0,Unknown,40.6,2,ATX,True,350,True
Zalman i4,59.99,ATX Mid Tower,Black,0.0,Mesh,43.1,2,ATX,True,350,True
HAVN HS420,229.99,ATX Mid Tower,White,0.0,Tempered Glass,76.8,5,ATX,True,350,True
Thermaltake The Tower 300,112.99,MicroATX Mini Tower,White,0.0,Tempered Glass,53.0,3,MicroATX,True,300,True
Montech X5,75.0,ATX Mid Tower,White,0.0,Tempered Glass,51.6,2,ATX,True,350,True
Jonsbo C6 Handle,64.0,MicroATX Mini Tower,Black,0.0,Mesh,15.9,1,MicroATX,True,300,True
Montech Heritage PRO,109.9,MicroATX Mid Tower,Black,0.0,Tempered Glass,41.5,1,MicroATX,True,330,True
Phanteks NV5 MKII,135.98,ATX Mid Tower,White,0.0,Tempered Glass,60.2,3,ATX,True,350,True
Thermaltake View 270 Plus TG ARGB,86.99,ATX Mid Tower,Green,0.0,Tempered Glass,47.6,2,ATX,True,350,True
Montech SKY TWO GX,117.1,ATX Mid Tower,Black,0.0,Tempered Glass,49.5,2,ATX,True,350,True
Thermaltake The Tower 250,149.95,Mini ITX Tower,Black,0.0,Tempered Glass,42.7,1,Mini ITX,True,320,True
NZXT H9 Flow RGB (2025),209.99,ATX Mid Tower,Black,0.0,Tinted Tempered Glass,76.7,2,ATX,True,350,True
Corsair 5000D AIRFLOW,174.99,ATX Mid Tower,White / Gray,0.0,Tempered Glass,66.2,2,ATX,True,350,True
Thermaltake The Tower 600,189.99,ATX Mid Tower,White,0.0,Tempered Glass,66.2,1,ATX,True,350,True
NZXT H5 Elite,69.99,ATX Mid Tower,White,0.0,Tempered Glass,47.0,1,ATX,True,350,True
be quiet! Light Base 600 DX,140.62,ATX Mid Tower,Black,0.0,Tempered Glass,59.7,1,ATX,True,350,True
Corsair 3000D AIRFLOW,99.99,ATX Mid Tower,White,0.0,Tempered Glass,49.5,2,ATX,True,350,True
Jonsbo Jonsplus Z20,104.0,MicroATX Desktop,Pink / White,0.0,Tempered Glass,25.3,1,MicroATX,True,280,True
Cooler Master MasterBox 600,294.6,ATX Mid Tower,Black,0.0,Tempered Glass,52.4,2,ATX,True,350,True
Phanteks XT View,98.99,ATX Mid Tower,White,0.0,Tempered Glass,50.6,2,ATX,True,350,True
Fractal Design Meshify 2,159.99,ATX Mid Tower,Black,0.0,Tinted Tempered Glass,61.7,6,ATX,True,350,True
Lian Li LANCOOL 205M MESH,89.99,MicroATX Mini Tower,White,0.0,Tempered Glass,33.8,2,MicroATX,True,300,True
Antec Performance 1 FT,122.99,ATX Full Tower,Black,0.0,Tempered Glass,62.7,2,ATX,True,400,True
darkFlash DB330M,69.98,MicroATX Mini Tower,White,0.0,Tempered Glass,29.0,1,MicroATX,True,300,True
Rosewill Helium NAS,79.98,ATX Mid Tower,Black,0.0,Mesh,45.8,10,ATX,True,350,True
Asus ProArt PA401 Wood Edition,139.99,ATX Mid Tower,Black,0.0,Tempered Glass,46.6,2,ATX,True,350,True
Zalman T6,52.08,ATX Mid Tower,Black,0.0,Unknown,32.4,2,ATX,True,350,True
MSI MEG MAESTRO 700L PZ,409.99,ATX Mid Tower,Black,0.0,Tempered Glass,66.8,0,ATX,True,350,True
Cougar MX330-X,55.99,ATX Mid Tower,Black,0.0,Unknown,39.4,2,ATX,True,350,True
DIYPC ARGB-G5,56.9,ATX Mid Tower,White,0.0,Tempered Glass,45.8,1,ATX,True,350,True
Rosewill FBM-X3,89.99,MicroATX Mid Tower,Black,650.0,Tempered Glass,37.0,2,MicroATX,True,330,True
Cooler Master HAF 500,99.99,ATX Mid Tower,Black,0.0,Tempered Glass,45.8,2,ATX,True,350,True
Corsair 2000D RGB AIRFLOW,199.99,Mini ITX Tower,Black,0.0,Mesh,24.8,0,Mini ITX,True,320,True
be quiet! Pure Base 500,79.9,ATX Mid Tower,Black,0.0,Unknown,46.0,2,ATX,True,350,True
Vetroo AL700,68.98,ATX Mid Tower,White,0.0,Tempered Glass,48.1,1,ATX,True,350,True
Corsair 2500D Airflow,103.67,MicroATX Mini Tower,White,0.0,Tempered Glass,54.8,2,MicroATX,True,300,True
Fractal Design Meshify 3 XL,184.99,ATX Full Tower,Black,0.0,Tinted Tempered Glass,72.6,2,ATX,True,400,True
Antec CX600M ARGB,80.73,MicroATX Mini Tower,Black,0.0,Tempered Glass,46.8,1,MicroATX,True,300,True
Asus TUF Gaming GT502 Horizon,194.99,ATX Mid Tower,Black,0.0,Tempered Glass,57.2,4,ATX,True,350,True
DIYPC ARGB-G5,57.94,ATX Mid Tower,Black,0.0,Tempered Glass,45.8,1,ATX,True,350,True
NZXT H7 Flow (2022),129.99,ATX Mid Tower,Black,0.0,Tempered Glass,55.8,2,ATX,True,350,True
MSI MPG VELOX 100R,139.99,ATX Mid Tower,Black,0.0,Tempered Glass,53.7,2,ATX,True,350,True
Thermaltake View 270 Plus TG ARGB,88.99,ATX Mid Tower,Blue,0.0,Tempered Glass,47.6,2,ATX,True,350,True
Lian Li O11 Air Mini,209.95,ATX Mid Tower,White,0.0,Tempered Glass,44.2,4,ATX,True,350,True
be quiet! Silent Base 802,205.31,ATX Mid Tower,Black,0.0,Tempered Glass,83.8,3,ATX,True,350,True
ENDORFY Arx 700 ARGB,124.5,ATX Mid Tower,Black,0.0,Tempered Glass,54.2,1,ATX,True,350,True
Fractal Design Define 7 XL Dark,254.99,ATX Full Tower,Black,0.0,Tinted Tempered Glass,82.0,6,ATX,True,400,True
NZXT H5 Flow RGB (2023),119.99,ATX Mid Tower,White,0.0,Tempered Glass,47.0,1,ATX,True,350,True
Corsair FRAME 4000D RS,94.99,ATX Mid Tower,White,0.0,Tempered Glass,56.7,2,ATX,True,350,True
be quiet! Pure Base 501 Airflow,109.9,ATX Mid Tower,Black,0.0,Tempered Glass,48.1,2,ATX,True,350,True
Phanteks Enthoo Pro Closed Panel,155.16,ATX Full Tower,Black,0.0,Unknown,69.1,6,ATX,True,400,True
Antec C8 ARGB,136.99,ATX Full Tower,Black,0.0,Tempered Glass,66.9,2,ATX,True,400,True
Thermaltake Core V1,59.99,Mini ITX Desktop,White,0.0,Acrylic,22.4,2,Mini ITX,True,280,True
HYTE Y70,219.99,ATX Mid Tower,Black / Red,0.0,Tempered Glass,70.7,2,ATX,True,350,True
BitFenix CETO300,79.0,ATX Mid Tower,Black,0.0,Tempered Glass,47.9,1,ATX,True,350,True
Lian Li LANCOOL 205 Mesh C,117.99,ATX Mid Tower,Pink,0.0,Tempered Glass,41.3,2,ATX,True,350,True
Silverstone SG13,74.61,Mini ITX Tower,Black,0.0,Unknown,11.5,1,Mini ITX,True,320,True
NZXT H7 Flow (2022),129.99,ATX Mid Tower,White / Black,0.0,Tempered Glass,55.8,2,ATX,True,350,True
Lian Li LANCOOL 205 Mesh C,119.99,ATX Mid Tower,Black,0.0,Tempered Glass,41.3,2,ATX,True,350,True
Thermaltake TR100,137.99,Mini ITX Desktop,White,0.0,Mesh,20.6,0,Mini ITX,True,280,True
Zalman S3,52.99,ATX Mid Tower,Black,0.0,Tempered Glass,38.4,2,ATX,True,350,True
Fractal Design Focus G Mini,76.51,MicroATX Mini Tower,Black,0.0,Acrylic,36.4,2,MicroATX,True,300,True
Okinos Cypress 3,64.98,MicroATX Mini Tower,Black,0.0,Tempered Glass,31.35,2,MicroATX,True,300,True
Corsair 3000D RGB AIRFLOW,129.99,ATX Mid Tower,White,0.0,Tempered Glass,49.5,2,ATX,True,350,True
NZXT H9 Flow RGB (2025),209.99,ATX Mid Tower,White,0.0,Tempered Glass,76.7,2,ATX,True,350,True
be quiet! Shadow Base 800 FX,219.9,ATX Mid Tower,Black,0.0,Tempered Glass,70.9,2,ATX,True,350,True
Phanteks NV7,215.98,ATX Full Tower,Black,0.0,Tempered Glass,78.9,2,ATX,True,400,True
Asus A31,74.98,ATX Mid Tower,White,0.0,Tempered Glass,52.9,2,ATX,True,350,True
Cooler Master QUBE 500 Flatpack,80.99,ATX Mid Tower,White,0.0,Tempered Glass,38.9,4,ATX,True,350,True
Thermaltake S100,74.98,MicroATX Mini Tower,Black,0.0,Tempered Glass,31.35,2,MicroATX,True,300,True
Fractal Design Define 7 Mini,119.99,MicroATX Mini Tower,Black,0.0,Unknown,33.2,2,MicroATX,True,300,True
Silverstone GD09 Type-C,119.46,HTPC,Black,0.0,Mesh,26.5,2,,True,250,True
be quiet! Light Base 600 LX,172.05,ATX Mid Tower,White,0.0,Tempered Glass,59.7,1,ATX,True,350,True
Corsair iCUE LINK 6500X RGB,269.99,ATX Mid Tower,White,0.0,Tempered Glass,78.3,2,ATX,True,350,True
Antec FLUX SE,104.99,ATX Mid Tower,Black / Brown,0.0,Tempered Glass,58.1,2,ATX,True,350,True
Silverstone FARA H1M,85.34,MicroATX Mini Tower,Black,0.0,Tempered Glass,30.1,2,MicroATX,True,300,True
BitFenix CETO300,79.0,ATX Mid Tower,White,0.0,Tempered Glass,47.9,1,ATX,True,350,True
GAMDIAS TALOS E3 MESH,59.99,ATX Mid Tower,White,0.0,Tempered Glass,34.1,2,ATX,True,350,True
Fractal Design Focus 2 RGB,89.99,ATX Mid Tower,White / Black,0.0,Tempered Glass,45.8,2,ATX,True,350,True
Jonsbo D32 PRO MESH,74.99,MicroATX Desktop,Unknown,0.0,Mesh,25.7,2,MicroATX,True,280,True
Cooler Master MasterBox NR400 (w/ODD),77.98,MicroATX Mid Tower,Black,0.0,Tempered Glass,35.5,4,MicroATX,True,330,True
Jonsbo TK-3,124.88,ATX Mid Tower,Black,0.0,Tempered Glass,52.3,2,ATX,True,350,True
Asus TUF Gaming GT502,173.73,ATX Mid Tower,White,0.0,Tempered Glass,57.2,4,ATX,True,350,True
Lian Li LANCOOL III RGB,300.47,ATX Mid Tower,White,0.0,Tempered Glass,65.5,4,ATX,True,350,True
Corsair iCUE 7000X RGB,359.99,ATX Full Tower,White,0.0,Tempered Glass,81.8,6,ATX,True,400,True
GameMax Defender MB,58.99,MicroATX Mini Tower,Black,0.0,Tempered Glass,43.6,2,MicroATX,True,300,True
Asus GX601,239.99,ATX Full Tower,White / Black,0.0,Tempered Glass,83.5,2,ATX,True,400,True
Cooler Master MasterBox MB520 ARGB,268.13,ATX Mid Tower,Black,0.0,Tempered Glass,45.8,2,ATX,True,350,True
Fractal Design Era 2,218.14,Mini ITX Tower,Blue / Brown,0.0,Mesh,19.0,0,Mini ITX,True,320,True
Lian Li SUP01,79.99,ATX Mid Tower,Black,0.0,Tempered Glass,45.7,2,ATX,True,350,True
NZXT H7 Elite (2023),109.99,ATX Mid Tower,White,0.0,Tempered Glass,55.8,2,ATX,True,350,True
Fractal Design Epoch,109.99,ATX Mid Tower,Black,0.0,Unknown,45.1,2,ATX,True,350,True
Corsair iCUE 5000D RGB AIRFLOW,219.99,ATX Mid Tower,White,0.0,Tempered Glass,66.2,2,ATX,True,350,True
Antec FLUX PRO,173.99,ATX Full Tower,White / Brown,0.0,Tempered Glass,70.8,4,ATX,True,400,True
SAMA NEVIEW 4503,114.99,ATX Mid Tower,Black,0.0,Tempered Glass,54.7,0,ATX,True,350,True
Corsair iCUE 5000T LX RGB,344.99,ATX Mid Tower,Black,0.0,Tempered Glass,74.5,2,ATX,True,350,True
Thermaltake Core W200,549.99,ATX Full Tower,Black,0.0,Acrylic,74.8,4,ATX,True,400,True
Fractal Design Era 2,219.99,Mini ITX Tower,Silver / Brown,0.0,Mesh,19.0,0,Mini ITX,True,320,True
NZXT H7 Flow (2022),139.98,ATX Mid Tower,White,0.0,Tempered Glass,55.8,2,ATX,True,350,True
Jonsbo C6-ITX,62.0,Mini ITX Desktop,White,0.0,Mesh,15.9,1,Mini ITX,True,280,True
Fractal Design Torrent Compact RGB,184.99,ATX Mid Tower,Black,0.0,Tinted Tempered Glass,46.7,1,ATX,True,350,True
ENDORFY Arx 700 Air,114.0,ATX Mid Tower,Black,0.0,Tempered Glass,54.2,1,ATX,True,350,True
Antec C3 ARGB,92.99,ATX Mid Tower,White,0.0,Tempered Glass,47.9,1,ATX,True,350,True
HYTE Y70,219.99,ATX Mid Tower,Blue,0.0,Tempered Glass,70.7,2,ATX,True,350,True
Fractal Design Meshify 2 Mini,289.73,MicroATX Mid Tower,Black,0.0,Tinted Tempered Glass,33.0,2,MicroATX,True,330,True
APNX V1,149.99,ATX Mid Tower,Black / Brown,0.0,Tempered Glass,70.4,2,ATX,True,350,True
Cooler Master TD300 Mesh,80.99,MicroATX Mini Tower,Black,0.0,Tempered Glass,31.35,2,MicroATX,True,300,True
Cooler Master Elite 302,64.98,MicroATX Mini Tower,Black,0.0,Tempered Glass,34.1,1,MicroATX,True,300,True
Antec FLUX,99.99,ATX Mid Tower,White / Brown,0.0,Tempered Glass,58.1,2,ATX,True,350,True
Montech SKY TWO,109.31,ATX Mid Tower,White,0.0,Tempered Glass,45.3,2,ATX,True,350,True
Zalman P10,69.96,MicroATX Mini Tower,White,0.0,Tempered Glass,31.35,2,MicroATX,True,300,True
Aerocool Trinity Mini V2,89.66,MicroATX Mini Tower,Black,0.0,Tempered Glass,28.1,2,MicroATX,True,300,True
Thermaltake S100 Snow Edition,74.98,MicroATX Mini Tower,White / Black,0.0,Tempered Glass,31.35,2,MicroATX,True,300,True
Silverstone FARA H1M PRO,89.99,MicroATX Mini Tower,Black,0.0,Tempered Glass,30.1,2,MicroATX,True,300,True
Apevia PRISM,79.98,MicroATX Mid Tower,Black,0.0,Tempered Glass,35.4,2,MicroATX,True,330,True
HP OMEN 45L,349.99,ATX Mid Tower,Black,0.0,Tempered Glass,53.2,2,ATX,True,350,True
Jonsbo NV10,85.0,Mini ITX Desktop,Silver / Brown,0.0,Mesh,4.5,0,Mini ITX,True,280,True
Phanteks NV9,272.99,ATX Full Tower,White,0.0,Tempered Glass,99.0,3,ATX,True,400,True
Jonsbo TK-3,131.0,ATX Mid Tower,White,0.0,Tempered Glass,52.3,2,ATX,True,350,True
Thermaltake View 270 Plus TG ARGB,89.99,ATX Mid Tower,Pink / Blue,0.0,Tempered Glass,47.6,2,ATX,True,350,True
Lian Li Lancool II Mesh C RGB,239.95,ATX Mid Tower,White,0.0,Tempered Glass,54.1,3,ATX,True,350,True
Fractal Design Pop Air,99.99,ATX Mid Tower,Pink / Black,0.0,Tempered Glass,46.2,2,ATX,True,350,True
Antec VSK4000E U3,98.69,ATX Mid Tower,Black,0.0,Unknown,45.8,5,ATX,True,350,True
Jonsbo D31 MESH,87.99,MicroATX Mini Tower,White,0.0,Tempered Glass,31.3,1,MicroATX,True,300,True
Montech HS02 Pro,119.9,ATX Mid Tower,Black,0.0,Tempered Glass,55.3,2,ATX,True,350,True
SAMA V40,79.99,ATX Mid Tower,Black,0.0,Tempered Glass,47.9,3,ATX,True,350,True
Fractal Design Pop Air,99.99,ATX Mid Tower,Orange / Black,0.0,Tempered Glass,46.2,2,ATX,True,350,True
Jonsbo C6 MAX,88.9,MicroATX Desktop,White,0.0,Tempered Glass,20.8,1,MicroATX,True,280,True
Phanteks ECLIPSE G500A DRGB,141.99,ATX Mid Tower,White,0.0,Tempered Glass,61.8,2,ATX,True,350,True
Thermaltake View 380 XL TG ARGB,89.99,ATX Mid Tower,White,0.0,Tempered Glass,63.6,1,ATX,True,350,True
Fractal Design North XL RC,179.99,ATX Full Tower,Black,0.0,Tinted Tempered Glass,61.4,2,ATX,True,400,True
darkFlash DY470,87.51,ATX Mid Tower,White,0.0,Tempered Glass,70.1,2,ATX,True,350,True
Thermaltake TR100,149.99,Mini ITX Desktop,Blue / White,0.0,Mesh,20.6,0,Mini ITX,True,280,True
Gigabyte C301 GLASS,99.99,ATX Mid Tower,Black,0.0,Tempered Glass,50.6,2,ATX,True,350,True
Cooler Master Cosmos C700M,557.99,ATX Full Tower,Silver / Black,0.0,Tempered Glass,74.8,4,ATX,True,400,True
Thermaltake View 380 ARGB,99.99,ATX Mid Tower,Green,0.0,Tinted Tempered Glass,51.6,1,ATX,True,350,True
Corsair 6500X,199.99,ATX Mid Tower,White / Brown,0.0,Tempered Glass,78.3,2,ATX,True,350,True
In Win CE685.FH300TB3,115.4,MicroATX Slim,Black,300.0,Unknown,11.8,1,MicroATX,True,240,True
be quiet! Pure Base 500DX,181.99,ATX Mid Tower,White,0.0,Tempered Glass,48.3,2,ATX,True,350,True
Montech Heritage,89.9,MicroATX Mid Tower,Black,0.0,Tempered Glass,41.5,1,MicroATX,True,330,True
Fractal Design Pop Air,99.99,ATX Mid Tower,Cyan / Black,0.0,Tempered Glass,46.2,2,ATX,True,350,True
Fractal Design Torrent Nano RGB,155.22,Mini ITX Tower,White,0.0,Tempered Glass,34.6,1,Mini ITX,True,320,True
Cooler Master MasterCase H500,246.75,ATX Mid Tower,Black,0.0,Tinted Tempered Glass,45.8,2,ATX,True,350,True
be quiet! Dark Base 701,229.9,ATX Mid Tower,Black,0.0,Tempered Glass,73.6,2,ATX,True,350,True
Phanteks Enthoo Pro 2 Server Edition,221.98,ATX Full Tower,Black,0.0,Unknown,78.0,4,ATX,True,400,True
Corsair 7000D AIRFLOW,289.99,ATX Full Tower,White / Black,0.0,Tempered Glass,81.8,6,ATX,True,400,True
HYTE Y40,129.99,ATX Mid Tower,Red / Black,0.0,Tempered Glass,49.7,1,ATX,True,350,True
MSI MEG PROSPECT 700R,379.99,ATX Mid Tower,Black,0.0,Tempered Glass,80.7,2,ATX,True,350,True
Thermaltake The Tower 300 Matcha,105.99,MicroATX Mini Tower,Green,0.0,Tempered Glass,53.0,3,MicroATX,True,300,True
Zalman S2,58.98,ATX Mid Tower,Black,0.0,Tempered Glass,38.4,2,ATX,True,350,True
Fractal Design Torrent,204.99,ATX Mid Tower,White,0.0,Tempered Glass,69.8,2,ATX,True,350,True
Phanteks NV7,201.38,ATX Full Tower,White,0.0,Tempered Glass,78.9,2,ATX,True,400,True
GameMax M60,50.98,MicroATX Mid Tower,Black,0.0,Mesh,29.4,2,MicroATX,True,330,True
Cooler Master MasterBox MB311L ARGB,140.38,MicroATX Mid Tower,Black,0.0,Tempered Glass,35.4,2,MicroATX,True,330,True
Fractal Design Epoch,109.99,ATX Mid Tower,Black,0.0,Tinted Tempered Glass,45.1,2,ATX,True,350,True
MSI MAG PANO 100L PZ,116.99,ATX Mid Tower,Black,0.0,Tempered Glass,72.5,2,ATX,True,350,True
Montech KING 95,183.73,ATX Mid Tower,Black,0.0,Tempered Glass,63.0,5,ATX,True,350,True
Cougar MX330,59.99,ATX Mid Tower,Black,0.0,Acrylic,39.4,2,ATX,True,350,True
Cooler Master NCORE 100 AIR,139.99,Mini ITX Tower,Silver / White,0.0,Mesh,16.4,0,Mini ITX,True,320,True
Mars Gaming MC-S2,64.02,ATX Mid Tower,Black,0.0,Acrylic,19.5,1,ATX,True,350,True
Cooler Master QUBE 500 Flatpack Macaron Edition,99.99,ATX Mid Tower,Multicolor,0.0,Tempered Glass,38.9,4,ATX,True,350,True
Geometric Future Model 5,134.9,ATX Mid Tower,Black / Gray,0.0,Tempered Glass,51.1,2,ATX,True,350,True
Thermaltake The Tower 600,189.99,ATX Mid Tower,Green,0.0,Tempered Glass,66.2,1,ATX,True,350,True
APNX Creator C1,99.99,ATX Mid Tower,Black,0.0,Tempered Glass,53.6,3,ATX,True,350,True
Corsair 2500X Bamboo,159.99,MicroATX Mini Tower,White / Brown,0.0,Tempered Glass,54.8,2,MicroATX,True,300,True
Cougar MX330-G,59.99,ATX Mid Tower,Black,0.0,Tempered Glass,39.4,2,ATX,True,350,True
Lian Li SUP01,78.73,ATX Mid Tower,White,0.0,Tempered Glass,45.7,2,ATX,True,350,True
Jonsbo C6,60.0,MicroATX Mini Tower,White,0.0,Mesh,15.9,1,MicroATX,True,300,True
SAMA 3509,64.99,ATX Mid Tower,White,0.0,Tempered Glass,41.4,2,ATX,True,350,True
SSUPD Xhuttle,120.0,ATX Mid Tower,Black,0.0,Tempered Glass,50.2,2,ATX,True,350,True
be quiet! Light Base 900 FX,259.89,ATX Full Tower,White,0.0,Tempered Glass,84.2,1,ATX,True,400,True
Fractal Design Meshify 3,154.99,ATX Mid Tower,White,0.0,Tempered Glass,50.3,2,ATX,True,350,True
HYTE REVOLT 3,129.99,Mini ITX Tower,White,0.0,Mesh,18.4,1,Mini ITX,True,320,True
Thermaltake View 200 TG ARGB,79.98,ATX Mid Tower,Black,0.0,Tempered Glass,38.2,2,ATX,True,350,True
Antec C8 ARGB,149.99,ATX Full Tower,White,0.0,Tempered Glass,66.9,2,ATX,True,400,True
HYTE Y60,179.99,ATX Mid Tower,Red / Black,0.0,Tempered Glass,60.0,2,ATX,True,350,True
iBuypower Slate 8 Mesh Pro ARGB,134.99,ATX Mid Tower,Black,0.0,Tempered Glass,54.2,1,ATX,True,350,True
Thermaltake AX700,404.98,ATX Full Tower,Black,0.0,Tempered Glass,141.4,18,ATX,True,400,True
NZXT H7 Elite (2023),199.0,ATX Mid Tower,Black,0.0,Tempered Glass,55.8,2,ATX,True,350,True
Jonsbo N4,119.99,MicroATX Desktop,White / Brown,0.0,Mesh,19.6,6,MicroATX,True,280,True
Rosewill FBM-X3,89.99,MicroATX Mid Tower,Black,650.0,Mesh,37.0,2,MicroATX,True,330,True
Thermaltake S200 TG ARGB,123.73,ATX Mid Tower,Black,0.0,Tempered Glass,38.2,2,ATX,True,350,True
Corsair Crystal Series 680X RGB,269.49,ATX Mid Tower,Black,0.0,Tempered Glass,73.5,3,ATX,True,350,True
Thermaltake The Tower 300,89.99,MicroATX Mini Tower,Gray,0.0,Tempered Glass,53.0,3,MicroATX,True,300,True
Cooler Master MasterBox K501L,161.36,ATX Mid Tower,Black,0.0,Tempered Glass,45.8,2,ATX,True,350,True
Thermaltake View 270,69.87,ATX Mid Tower,White,0.0,Tempered Glass,47.6,2,ATX,True,350,True
Apevia PRISM,79.98,MicroATX Mid Tower,Pink,0.0,Tempered Glass,35.4,2,MicroATX,True,330,True
Thermaltake Level 20,1004.98,ATX Full Tower,Black / Silver,0.0,Tempered Glass,141.0,8,ATX,True,400,True
GAMDIAS NESO P1,124.99,ATX Full Tower,Black / Red,0.0,Tempered Glass,75.2,5,ATX,True,400,True
Fractal Design Define 7 Dark,204.99,ATX Mid Tower,Black,0.0,Tinted Tempered Glass,62.4,6,ATX,True,350,True
Thermaltake The Tower 600,189.99,ATX Mid Tower,Purple,0.0,Tempered Glass,66.2,1,ATX,True,350,True
Thermaltake The Tower 300 Bubble Pink,169.99,MicroATX Mini Tower,Pink / White,0.0,Tempered Glass,53.0,3,MicroATX,True,300,True
In Win CJ712,98.0,MicroATX Desktop,Black,265.0,Unknown,8.0,1,MicroATX,True,280,True
be quiet! Pure Base 501,109.9,ATX Mid Tower,Black,0.0,Unknown,48.1,2,ATX,True,350,True
Thermaltake The Tower 250,149.95,Mini ITX Tower,White,0.0,Tempered Glass,42.7,1,Mini ITX,True,320,True
Montech SKY TWO GX,79.0,ATX Mid Tower,White,0.0,Tempered Glass,49.5,2,ATX,True,350,True
Phanteks Enthoo Pro 2 Server Edition,233.98,ATX Full Tower,Black,0.0,Tempered Glass,78.0,4,ATX,True,400,True
Vetroo AL900,79.98,ATX Mid Tower,Black,0.0,Tempered Glass,48.1,0,ATX,True,350,True
BitFenix Nova Mesh SE,69.9,ATX Mid Tower,White,0.0,Tempered Glass,36.1,2,ATX,True,350,True
Asus TUF Gaming GT302 ARGB,312.7,ATX Mid Tower,White,0.0,Tempered Glass,59.3,2,ATX,True,350,True
iBuypower Scale Mesh ARGB,119.99,ATX Mid Tower,Black,0.0,Tempered Glass,50.9,1,ATX,True,350,True
Silverstone GD11,198.43,HTPC,Black,0.0,Unknown,30.9,3,,True,250,True
Corsair 6500D Airflow,150.1,ATX Mid Tower,White,0.0,Tempered Glass,78.3,2,ATX,True,350,True
be quiet! Pure Base 501 LX,149.9,ATX Mid Tower,Black,0.0,Tempered Glass,48.1,2,ATX,True,350,True
Montech HS02 Pro,139.9,ATX Mid Tower,White,0.0,Tempered Glass,55.3,2,ATX,True,350,True
Gigabyte C500 PANORAMIC STEALTH,259.57,ATX Mid Tower,White,0.0,Tempered Glass,50.6,2,ATX,True,350,True
Cooler Master NR200P V3,139.99,Mini ITX Desktop,Black,0.0,Acrylic,20.4,1,Mini ITX,True,280,True
Thermaltake The Tower 600,184.99,ATX Mid Tower,Green / Black,0.0,Tempered Glass,66.2,1,ATX,True,350,True
Lian Li LANCOOL 216 RGB w/Controller,132.99,ATX Mid Tower,Black,0.0,Tinted Tempered Glass,55.6,2,ATX,True,350,True
Azza Sanctum,349.99,ATX Desktop,Silver / Black,0.0,Tempered Glass,76.9,2,ATX,True,300,True
Segotep T3 Aeolus,71.48,ATX Mid Tower,White,0.0,Tempered Glass,54.4,3,ATX,True,350,True
GAMDIAS TALOS E3 WH,59.99,ATX Mid Tower,White / Black,0.0,Tempered Glass,45.8,2,ATX,True,350,True
Rosewill FBM-X2-400-HELIX,59.99,MicroATX Mini Tower,Black,400.0,Unknown,25.3,1,MicroATX,True,300,True
MSI MAG PANO 100L PZ,129.99,ATX Mid Tower,White,0.0,Tempered Glass,72.5,2,ATX,True,350,True
be quiet! Light Base 600 DX,152.85,ATX Mid Tower,White,0.0,Tempered Glass,59.7,1,ATX,True,350,True
MSI MAG VAMPIRIC 100R,86.2,ATX Mid Tower,Black,0.0,Tempered Glass,36.5,2,ATX,True,350,True
Razer Tomahawk Mini-ITX,179.99,Mini ITX Tower,Black / Green,0.0,Tinted Tempered Glass,18.1,0,Mini ITX,True,320,True
Razer Tomahawk ATX,219.98,ATX Mid Tower,Black,0.0,Tinted Tempered Glass,45.8,3,ATX,True,350,True
Silverstone SG05-LITE,75.05,Mini ITX Desktop,Black,0.0,Unknown,10.7,1,Mini ITX,True,280,True
Rosewill Helium Flow,79.98,ATX Mid Tower,Black,0.0,Unknown,50.5,3,ATX,True,350,True
Silverstone SETA D1,169.7,ATX Mid Tower,Black,0.0,Unknown,56.5,8,ATX,True,350,True
Fractal Design North XL RC,194.99,ATX Full Tower,White,0.0,Tempered Glass,61.4,2,ATX,True,400,True
Thermaltake Core P3 TG Pro,140.71,ATX Mid Tower,Unknown,0.0,Tempered Glass,71.7,4,ATX,True,350,True
Silverstone SUGO 15,181.04,Mini ITX Desktop,Black,0.0,Unknown,19.1,0,Mini ITX,True,280,True
Apevia PRISM,79.98,MicroATX Mid Tower,White,0.0,Tempered Glass,35.4,2,MicroATX,True,330,True
Cooler Master Elite 500 ODD,134.13,ATX Mid Tower,Black,0.0,Unknown,43.1,2,ATX,True,350,True
Thermaltake View 380 ARGB,114.99,ATX Mid Tower,Blue,0.0,Tinted Tempered Glass,51.6,1,ATX,True,350,True
SAMA V40,79.99,ATX Mid Tower,White,0.0,Tempered Glass,47.9,3,ATX,True,350,True
MSI MPG GUNGNIR 300R AIRFLOW,155.99,ATX Mid Tower,White,0.0,Tempered Glass,60.5,2,ATX,True,350,True
Cooler Master Elite 301,78.59,MicroATX Mid Tower,White,0.0,Tempered Glass,34.1,1,MicroATX,True,330,True
Cooler Master MasterBox 600,100.99,ATX Mid Tower,White,0.0,Tempered Glass,52.4,2,ATX,True,350,True
Fractal Design Meshify 2 Mini,204.0,MicroATX Mid Tower,White / Black,0.0,Tempered Glass,33.0,2,MicroATX,True,330,True
Fractal Design Meshify 3 Ambience Pro RGB,239.99,ATX Mid Tower,White,0.0,Tempered Glass,50.3,2,ATX,True,350,True
GameMax F45,60.99,ATX Mid Tower,Black / Brown,0.0,Tempered Glass,40.6,2,ATX,True,350,True
Antec Performance 1 M,194.99,Mini ITX Desktop,Black,0.0,Mesh,19.3,0,Mini ITX,True,280,True
Corsair iCUE 5000X RGB,214.99,ATX Mid Tower,White / Gray,0.0,Tempered Glass,66.2,2,ATX,True,350,True
MSI MPG Sekira 500G,1050.0,ATX Mid Tower,Black,0.0,Tempered Glass,67.1,6,ATX,True,350,True
HYTE Persona 3 Reload Y70,259.99,ATX Mid Tower,Black / Multicolor,0.0,Tempered Glass,70.7,2,ATX,True,350,True
Fractal Design Meshify 3,159.99,ATX Mid Tower,Black,0.0,Tinted Tempered Glass,50.3,2,ATX,True,350,True
SSUPD Xhuttle,120.0,ATX Mid Tower,White,0.0,Tempered Glass,50.2,2,ATX,True,350,True
be quiet! Dark Base Pro 901,299.89,ATX Full Tower,White,0.0,Tempered Glass,94.5,2,ATX,True,400,True
Thermaltake Ceres 330 ARGB,68.99,ATX Mid Tower,Black,0.0,Tempered Glass,53.9,1,ATX,True,350,True
Lian Li LANCOOL 205 Mesh C,117.99,ATX Mid Tower,White,0.0,Tempered Glass,41.3,2,ATX,True,350,True
be quiet! Pure Base 600,119.9,ATX Mid Tower,Black,0.0,Tempered Glass,50.9,3,ATX,True,350,True
Montech KING 95 PRO,169.0,ATX Mid Tower,Blue / Black,0.0,Tempered Glass,63.0,5,ATX,True,350,True
Cooler Master HAF 700,299.99,ATX Full Tower,Black,0.0,Tempered Glass,83.6,9,ATX,True,400,True
MSI MPG VELOX 100P AIRFLOW,292.33,ATX Mid Tower,Black,0.0,Tempered Glass,53.7,2,ATX,True,350,True
Thermaltake The Tower 600,189.99,ATX Mid Tower,Yellow,0.0,Tempered Glass,66.2,1,ATX,True,350,True
Asus TUF Gaming GT501,169.99,ATX Mid Tower,White / Black,0.0,Tempered Glass,75.5,4,ATX,True,350,True
Cooler Master HAF 500,98.08,ATX Mid Tower,White,0.0,Tempered Glass,45.8,2,ATX,True,350,True
be quiet! Light Base 900 DX,214.9,ATX Full Tower,White,0.0,Tempered Glass,84.2,1,ATX,True,400,True
Azza Spectra,59.99,ATX Mid Tower,Black,0.0,Tempered Glass,33.4,2,ATX,True,350,True
Vetroo AL900,79.98,ATX Mid Tower,White,0.0,Tempered Glass,48.1,0,ATX,True,350,True
Silverstone FARA 515XR,79.59,ATX Mid Tower,White,0.0,Tempered Glass,39.9,2,ATX,True,350,True
RAIJINTEK OPHION EVO,69.9,Mini ITX Desktop,Black,0.0,Acrylic,15.9,1,Mini ITX,True,280,True
Corsair iCUE 5000T RGB,239.99,ATX Mid Tower,Black,0.0,Tempered Glass,74.5,2,ATX,True,350,True
Thermaltake The Tower 300,134.99,MicroATX Mini Tower,Green / Black,0.0,Tempered Glass,53.0,3,MicroATX,True,300,True
Aerocool Bolt,82.79,ATX Mid Tower,Black,0.0,Acrylic,35.3,2,ATX,True,350,True
Jonsbo TK-2 2.0,162.0,ATX Mid Tower,Black,0.0,Tempered Glass,53.2,1,ATX,True,350,True
Thermaltake View 380 XL TG ARGB,79.0,ATX Mid Tower,Yellow / Black,0.0,Tempered Glass,63.6,1,ATX,True,350,True
APNX Creator C1,99.99,ATX Mid Tower,White,0.0,Tempered Glass,53.6,3,ATX,True,350,True
Thermaltake The Tower 600,169.99,ATX Mid Tower,Blue,0.0,Tempered Glass,66.2,1,ATX,True,350,True
Cooler Master MasterBox MB320L ARGB,84.99,MicroATX Mini Tower,Black,0.0,Tempered Glass,38.8,2,MicroATX,True,300,True
Antec DF600 FLUX,104.99,ATX Mid Tower,Black,0.0,Tempered Glass,45.8,3,ATX,True,350,True
Thermaltake The Tower 300 Hydrangea,153.99,MicroATX Mini Tower,Blue,0.0,Tempered Glass,53.0,3,MicroATX,True,300,True
GAMDIAS ATLAS M1,84.99,ATX Mid Tower,White,0.0,Tempered Glass,41.0,1,ATX,True,350,True
Silverstone PS16B,75.15,MicroATX Mini Tower,Black,0.0,Unknown,31.35,3,MicroATX,True,300,True
Cooler Master TD300 Mesh,84.99,MicroATX Mini Tower,White / Black,0.0,Tempered Glass,31.35,2,MicroATX,True,300,True
Cooler Master MasterCase H500M,462.49,ATX Mid Tower,Black,0.0,Tempered Glass,73.7,2,ATX,True,350,True
Antec DF700 FLUX,148.98,ATX Mid Tower,Black,0.0,Tempered Glass,49.9,3,ATX,True,350,True
Antec C7 ARGB,173.49,ATX Mid Tower,Black,0.0,Tempered Glass,58.9,2,ATX,True,350,True
Montech Heritage PRO,109.9,MicroATX Mid Tower,White,0.0,Tempered Glass,41.5,1,MicroATX,True,330,True
Corsair 2500X Obsidian,159.99,MicroATX Mini Tower,Black,0.0,Tempered Glass,54.8,2,MicroATX,True,300,True
Cougar MX330-G Pro,68.09,ATX Mid Tower,Black,0.0,Tempered Glass,49.1,2,ATX,True,350,True
Apevia Destiny Flow,75.98,ATX Mid Tower,Pink,0.0,Tempered Glass,45.8,2,ATX,True,350,True
Asus ProArt PA602 Wood Edition,500.94,ATX Mid Tower,Black / Brown,0.0,Unknown,81.4,4,ATX,True,350,True
MSI MPG VELOX 100R,139.99,ATX Mid Tower,White,0.0,Tempered Glass,53.7,2,ATX,True,350,True
Montech HS01 PRO,114.9,ATX Mid Tower,Black,0.0,Tempered Glass,55.3,2,ATX,True,350,True
PC Cooler I100 PRO MESH,101.69,Mini ITX Desktop,White,0.0,Mesh,7.5,1,Mini ITX,True,280,True
Silverstone MILO 11,92.77,MicroATX Desktop,Black / Silver,0.0,Unknown,10.3,1,MicroATX,True,280,True
Silverstone SG13 V2,74.13,Mini ITX Tower,Black,0.0,Unknown,11.5,1,Mini ITX,True,320,True
Zalman Z7 NEO,69.98,ATX Mid Tower,Black,0.0,Tempered Glass,41.2,2,ATX,True,350,True
iBuypower Slate 9 Mesh,124.99,ATX Mid Tower,Black,0.0,Tempered Glass,53.4,1,ATX,True,350,True
ENDORFY Ventum 200,93.74,ATX Mid Tower,Black,0.0,Unknown,34.6,1,ATX,True,350,True
Phanteks XT PRO,119.98,ATX Mid Tower,Unknown,0.0,Unknown,51.8,2,ATX,True,350,True
Silverstone RM52,533.01,ATX Full Tower,Black,0.0,Unknown,58.6,2,ATX,True,400,True
be quiet! Pure Base 500,92.9,ATX Mid Tower,White,0.0,Tempered Glass,46.0,2,ATX,True,350,True
GAMDIAS ATHENA M3,82.43,ATX Mid Tower,White,0.0,Tempered Glass,45.1,2,ATX,True,350,True
Fractal Design Torrent RGB,229.99,ATX Mid Tower,White,0.0,Tempered Glass,69.8,2,ATX,True,350,True
Thermaltake View 170 ARGB,84.98,MicroATX Mini Tower,Pink / Blue,0.0,Tempered Glass,35.0,1,MicroATX,True,300,True
Vetroo AL800,59.99,ATX Mid Tower,Green,0.0,Tempered Glass,46.4,2,ATX,True,350,True
Corsair 3500X CALL OF DUTY BLACK OPS 6 EDITION,99.99,ATX Mid Tower,Black / Orange,0.0,Tempered Glass,55.9,2,ATX,True,350,True
Fractal Design Meshify 3 XL RGB,189.99,ATX Full Tower,Black,0.0,Tinted Tempered Glass,72.6,2,ATX,True,400,True
Apevia Prism Elite,109.99,ATX Mid Tower,Pink,0.0,Tempered Glass,47.9,2,ATX,True,350,True
be quiet! Pure Base 501 DX,129.9,ATX Mid Tower,Black,0.0,Tempered Glass,48.1,2,ATX,True,350,True
Cougar Duoface Pro RGB,125.91,ATX Mid Tower,Black,0.0,Tempered Glass,55.4,2,ATX,True,350,True
Silverstone FARA 515XR,69.98,ATX Mid Tower,Black,0.0,Tempered Glass,39.9,2,ATX,True,350,True
Silverstone Sugo 16,95.5,Mini ITX Tower,Black,0.0,Unknown,13.0,1,Mini ITX,True,320,True
Montech KING 95 PRO,169.0,ATX Mid Tower,Red / Black,0.0,Tempered Glass,63.0,5,ATX,True,350,True
Thermaltake View 71 TG RGB,219.99,ATX Full Tower,Black,0.0,Acrylic,74.8,4,ATX,True,400,True
HYTE Gundam Wing Y70 Touch Infinite,499.99,ATX Mid Tower,White / Gold,0.0,Tempered Glass,70.7,2,ATX,True,350,True
Fractal Design Epoch,109.99,ATX Mid Tower,White,0.0,Tempered Glass,45.1,2,ATX,True,350,True
Jonsbo BO400,315.0,ATX Mid Tower,Gray / Black,0.0,Tempered Glass,72.1,4,ATX,True,350,True
Jonsbo N10,61.99,Mini ITX Tower,Silver,0.0,Mesh,4.5,0,Mini ITX,True,320,True
Silverstone CS382,259.61,ATX Mid Tower,Black,0.0,Unknown,39.6,1,ATX,True,350,True
MSI MPG GUNGNIR 110R,119.99,ATX Mid Tower,White,0.0,Tempered Glass,45.8,2,ATX,True,350,True
Thermaltake View 380 ARGB,114.99,ATX Mid Tower,Pink / Blue,0.0,Tempered Glass,51.6,1,ATX,True,350,True
ENDORFY ARX 500 ARGB,114.0,ATX Mid Tower,Black,0.0,Tempered Glass,47.5,1,ATX,True,350,True
iBuypower Element 9 PRO,134.99,ATX Mid Tower,Black,0.0,Tempered Glass,49.2,2,ATX,True,350,True
Fractal Design Meshify 3 XL Ambience Pro RGB,274.99,ATX Full Tower,White,0.0,Tempered Glass,72.6,2,ATX,True,400,True
Silverstone RM42-502,425.16,ATX Mid Tower,Black,0.0,Unknown,35.4,0,ATX,True,350,True
Thermaltake S200 TG ARGB,136.84,ATX Mid Tower,White,0.0,Tempered Glass,38.2,2,ATX,True,350,True
Corsair Crystal Series 680X RGB,164.99,ATX Mid Tower,White / Black,0.0,Tempered Glass,73.5,3,ATX,True,350,True
Thermaltake The Tower 600,186.99,ATX Mid Tower,Pink,0.0,Tempered Glass,66.2,1,ATX,True,350,True
Silverstone SETA H2,184.17,ATX Full Tower,Black,0.0,Mesh,70.3,12,ATX,True,400,True
DIYPC Rainbow-Flash-F4,65.98,ATX Mid Tower,Pink,0.0,Tempered Glass,33.2,2,ATX,True,350,True
Geometric Future Model 5,149.9,ATX Mid Tower,Black / Green,0.0,Tempered Glass,51.1,2,ATX,True,350,True
Thermaltake Core P3,151.77,ATX Mid Tower,Black,0.0,Tempered Glass,80.1,2,ATX,True,350,True
NZXT H7 Flow RGB (2023),168.99,ATX Mid Tower,Black,0.0,Tempered Glass,55.8,2,ATX,True,350,True
Vetroo M05,64.98,MicroATX Mid Tower,Green,0.0,Tempered Glass,36.3,2,MicroATX,True,330,True
Silverstone Crown 04,549.99,HTPC,Black,0.0,Mesh,48.2,2,,True,250,True
be quiet! Pure Base 501 Airflow,94.99,ATX Mid Tower,White,0.0,Unknown,48.1,2,ATX,True,350,True
Silverstone PS15,59.99,MicroATX Mid Tower,Black,0.0,Tempered Glass,25.7,1,MicroATX,True,330,True
GAMDIAS Talos M3 Mesh,84.99,ATX Mid Tower,Black,0.0,Tempered Glass,48.6,2,ATX,True,350,True
Corsair iCUE 5000X RGB QL Edition,209.99,ATX Mid Tower,White,0.0,Tempered Glass,66.2,2,ATX,True,350,True
Silverstone GD08B,246.29,HTPC,Black,0.0,Unknown,33.4,8,,True,250,True
Fractal Design Epoch RGB,129.99,ATX Mid Tower,Black,0.0,Tinted Tempered Glass,45.1,2,ATX,True,350,True
Asus TUF Gaming GT502 Horizon,194.91,ATX Mid Tower,White,0.0,Tempered Glass,57.2,4,ATX,True,350,True
Cooler Master Silencio S600,143.57,ATX Mid Tower,Black,0.0,Unknown,47.0,4,ATX,True,350,True
Thermaltake The Tower 200,104.98,Mini ITX Tower,Green,0.0,Tempered Glass,45.1,2,Mini ITX,True,320,True
Thermaltake Divider 370 TG ARGB,150.99,ATX Mid Tower,Black,0.0,Tempered Glass,50.7,2,ATX,True,350,True
Thermaltake View 71 TG Snow,224.98,ATX Full Tower,White,0.0,Acrylic,74.8,4,ATX,True,400,True
Thermaltake CTE E550,169.95,ATX Mid Tower,Orange,0.0,Tempered Glass,77.4,3,ATX,True,350,True
Montech SKY TWO,135.97,ATX Mid Tower,Blue,0.0,Tempered Glass,45.3,2,ATX,True,350,True
BGears b-Voguish,58.99,ATX Mid Tower,Black,0.0,Tempered Glass,45.8,2,ATX,True,350,True
Cooler Master MasterFrame 600,179.99,ATX Mid Tower,Black,0.0,Tempered Glass,61.2,2,ATX,True,350,True
GameMax Vista A,79.99,ATX Mid Tower,Black,0.0,Tempered Glass,44.1,2,ATX,True,350,True
GAMDIAS Talos M3 Mesh,99.06,ATX Mid Tower,White,0.0,Tempered Glass,48.6,2,ATX,True,350,True
be quiet! Silent Base 802,192.48,ATX Mid Tower,White,0.0,Tempered Glass,83.8,3,ATX,True,350,True
ENDORFY ARX 500 Air,103.5,ATX Mid Tower,Black,0.0,Tempered Glass,47.5,1,ATX,True,350,True
Corsair Crystal 280X RGB,239.99,MicroATX Mid Tower,White,0.0,Tempered Glass,35.4,2,MicroATX,True,330,True
Thermaltake CTE C750 ARGB,184.98,ATX Full Tower,Black,0.0,Tempered Glass,110.7,7,ATX,True,400,True
Thermaltake AX700,399.99,ATX Full Tower,White,0.0,Tempered Glass,141.4,18,ATX,True,400,True
Apex MI-008,68.39,Mini ITX Tower,Black,250.0,Unknown,8.5,1,Mini ITX,True,320,True
NZXT H7 Flow RGB (2023),159.99,ATX Mid Tower,White,0.0,Tempered Glass,55.8,2,ATX,True,350,True
Thermaltake View 380 XL TG ARGB,84.99,ATX Mid Tower,Red / Copper,0.0,Tempered Glass,63.6,1,ATX,True,350,True
Silverstone SG13,75.81,Mini ITX Tower,White / Black,0.0,Unknown,11.5,1,Mini ITX,True,320,True
GAMDIAS NESO P1,150.99,ATX Full Tower,Black / White,0.0,Tempered Glass,75.2,5,ATX,True,400,True
Lian Li V3000 PLUS White GGF Edition,494.99,ATX Full Tower,White,0.0,Tempered Glass,127.6,8,ATX,True,400,True
Apevia Genesis-BK,74.98,ATX Mid Tower,Black,0.0,Tempered Glass,45.8,3,ATX,True,350,True
Thermaltake Core P3 TG Pro Snow,129.99,ATX Mid Tower,Unknown,0.0,Tempered Glass,71.7,4,ATX,True,350,True
Antec CX700 RGB ELITE,96.61,ATX Mid Tower,White,0.0,Tempered Glass,44.5,2,ATX,True,350,True
Montech HS02,95.9,ATX Mid Tower,Black,0.0,Tempered Glass,55.3,2,ATX,True,350,True
Thermaltake The Tower 300 Bumblebee,104.99,MicroATX Mini Tower,Yellow / Black,0.0,Tempered Glass,53.0,3,MicroATX,True,300,True
Anidees AI CRYSTAL XL PRO LITE,309.89,ATX Full Tower,Black,0.0,Tempered Glass,74.8,0,ATX,True,400,True
Corsair iCUE 4000D RGB Airflow QL Edition,149.99,ATX Mid Tower,White,0.0,Tempered Glass,48.6,2,ATX,True,350,True
darkFlash L280,143.22,ATX Mid Tower,White,0.0,Tempered Glass,54.6,2,ATX,True,350,True
HYTE Y70 Silver Wolf,299.99,ATX Mid Tower,Black / Purple,0.0,Tempered Glass,70.7,2,ATX,True,350,True
PC Cooler C3 T500 ARGB,119.99,ATX Mid Tower,White,0.0,Tempered Glass,45.1,2,ATX,True,350,True
Thermaltake S300 Tempered Glass Snow Edition,83.99,ATX Mid Tower,White,0.0,Tempered Glass,45.8,2,ATX,True,350,True
Linkworld 920-01C2121U,49.5,HTPC,Black,150.0,Unknown,5.3,0,,True,250,True
Silverstone CS351,189.99,MicroATX Desktop,Black,0.0,Unknown,22.8,2,MicroATX,True,280,True
Thermaltake The Tower 200,104.98,Mini ITX Tower,Beige,0.0,Tempered Glass,45.1,2,Mini ITX,True,320,True
Thermaltake Ceres 300 TG ARGB,119.98,ATX Mid Tower,Green,0.0,Tempered Glass,53.9,1,ATX,True,350,True
Antec VSK 3000 Elite,113.43,MicroATX Mini Tower,Black,0.0,Unknown,27.5,4,MicroATX,True,300,True
be quiet! Pure Base 500,99.9,ATX Mid Tower,White,0.0,Unknown,46.0,2,ATX,True,350,True
Corsair iCUE 5000T LX RGB,339.99,ATX Mid Tower,White,0.0,Tempered Glass,74.5,2,ATX,True,350,True
Thermaltake V250 TG ARGB,134.96,ATX Mid Tower,Black,0.0,Tempered Glass,45.8,2,ATX,True,350,True
ADATA XPG INVADER X,169.0,ATX Mid Tower,Black,0.0,Tempered Glass,52.1,3,ATX,True,350,True
Antec P20C,79.99,ATX Mid Tower,Black,0.0,Tempered Glass,50.6,2,ATX,True,350,True
Fractal Design Pop XL Silent,536.73,ATX Full Tower,Black,0.0,Tempered Glass,62.4,3,ATX,True,400,True
Thermaltake The Tower 300,169.99,MicroATX Mini Tower,Brown / Gold,0.0,Tempered Glass,53.0,3,MicroATX,True,300,True
Lian Li LANCOOL 206,169.99,ATX Mid Tower,White,0.0,Tempered Glass,49.6,3,ATX,True,350,True
Thermaltake The Tower 250,149.99,Mini ITX Tower,Green / Black,0.0,Tempered Glass,42.7,1,Mini ITX,True,320,True
Thermaltake CTE C700 Air,134.98,ATX Mid Tower,Black,0.0,Tempered Glass,93.8,7,ATX,True,350,True
ENDORFY Signum 300 Air,130.61,ATX Mid Tower,Black,0.0,Tempered Glass,39.9,2,ATX,True,350,True
Fractal Design Pop Air,154.62,ATX Mid Tower,White,0.0,Tempered Glass,46.2,2,ATX,True,350,True
Chieftec Hunter,111.29,ATX Mid Tower,Black,0.0,Tempered Glass,39.8,2,ATX,True,350,True
Silverstone ML06B,92.54,HTPC,Black,0.0,Unknown,7.1,0,,True,250,True
Corsair 4000D Airflow Teak,117.5,ATX Mid Tower,Black / Brown,0.0,Tempered Glass,48.6,2,ATX,True,350,True
Silverstone ML03B,101.41,HTPC,Black,0.0,Unknown,15.5,2,,True,250,True
Silverstone ML07B,118.72,HTPC,Black,0.0,Unknown,13.9,1,,True,250,True
MSI MPG GUNGNIR 300P AIRFLOW,361.98,ATX Mid Tower,Black,0.0,Tempered Glass,60.5,2,ATX,True,350,True
Thermaltake The Tower 250,149.95,Mini ITX Tower,Blue / White,0.0,Tempered Glass,42.7,1,Mini ITX,True,320,True
iBuypower Element 9,114.99,ATX Mid Tower,Black,0.0,Tempered Glass,49.2,2,ATX,True,350,True
Antec C7 ARGB,181.99,ATX Mid Tower,White,0.0,Tempered Glass,58.9,2,ATX,True,350,True
Thermaltake Level 20 RS ARGB,89.98,ATX Mid Tower,Black,0.0,Tempered Glass,45.8,3,ATX,True,350,True
Jonsbo TK-2 2.0,162.0,ATX Mid Tower,White,0.0,Tempered Glass,53.2,1,ATX,True,350,True
Fractal Design Meshify 2 Compact Lite RGB,321.05,ATX Mid Tower,Black,0.0,Tinted Tempered Glass,42.3,2,ATX,True,350,True
GAMDIAS ARGUS E4 ELITE,61.47,ATX Mid Tower,Black,0.0,Tempered Glass,45.8,2,ATX,True,350,True
Rosewill Helium Flow,79.98,ATX Mid Tower,White,0.0,Unknown,50.5,3,ATX,True,350,True
Vetroo AL800,64.98,ATX Mid Tower,Black,0.0,Tempered Glass,46.4,2,ATX,True,350,True
Asus ProArt PA401 Wood Edition,273.96,ATX Mid Tower,Black,0.0,Unknown,46.6,2,ATX,True,350,True
Lian Li LANCOOL 205 Mesh,195.0,ATX Mid Tower,Black,0.0,Tempered Glass,41.3,2,ATX,True,350,True
Apex DM-387,87.99,HTPC,Black,275.0,Unknown,12.8,1,,True,250,True
Montech HS01,89.9,ATX Mid Tower,Black,0.0,Tempered Glass,55.3,2,ATX,True,350,True
GAMDIAS ATLAS E1,84.84,ATX Mid Tower,White,0.0,Tempered Glass,36.3,1,ATX,True,350,True
Phanteks Eclipse P600S,158.98,ATX Mid Tower,White,0.0,Tempered Glass,45.8,4,ATX,True,350,True
Chieftec APEX,178.78,ATX Mid Tower,Black,0.0,Tempered Glass,52.9,2,ATX,True,350,True
Silverstone FARA 313 Type-C,78.59,MicroATX Mid Tower,Black,0.0,Unknown,26.7,3,MicroATX,True,330,True
Geometric Future Model 5,149.9,ATX Mid Tower,White,0.0,Tempered Glass,51.1,2,ATX,True,350,True
Asiahorse Perseus,179.99,ATX Mid Tower,Black,0.0,Tempered Glass,73.9,2,ATX,True,350,True
HYTE Persona 3 Reload Y60,229.99,ATX Mid Tower,Black / Blue,0.0,Tempered Glass,60.0,2,ATX,True,350,True
Silverstone FARA H1M,79.95,MicroATX Mini Tower,Black,0.0,Unknown,30.1,2,MicroATX,True,300,True
Geometric Future Model 5 Fanless,109.9,ATX Mid Tower,Black / Gray,0.0,Tempered Glass,51.1,2,ATX,True,350,True
Thermaltake Ceres 300 TG ARGB,99.99,ATX Mid Tower,White,0.0,Tempered Glass,53.9,1,ATX,True,350,True
Thermaltake AX700,404.98,ATX Full Tower,White,0.0,Mesh,141.4,18,ATX,True,400,True
Thermaltake The Tower 200 Bumblebee,104.98,Mini ITX Tower,Yellow / Black,0.0,Tempered Glass,45.1,2,Mini ITX,True,320,True
Antec CX600M Trio ARGB,111.84,MicroATX Mini Tower,Black,0.0,Tempered Glass,46.8,1,MicroATX,True,300,True
Cooler Master MasterCase H500 ARGB,246.75,ATX Mid Tower,Black,0.0,Tempered Glass,45.8,2,ATX,True,350,True
Montech Heritage,89.9,MicroATX Mid Tower,White,0.0,Tempered Glass,41.5,1,MicroATX,True,330,True
Antec CX600M Trio ARGB,185.73,MicroATX Mini Tower,White,0.0,Tempered Glass,46.8,1,MicroATX,True,300,True
Azza Aero,109.99,ATX Mid Tower,Black,0.0,Mesh,47.3,2,ATX,True,350,True
ADATA XPG INVADER,84.93,ATX Mid Tower,Black,0.0,Tempered Glass,45.8,2,ATX,True,350,True
Thermaltake The Tower 600,185.99,ATX Mid Tower,Red,0.0,Tempered Glass,66.2,1,ATX,True,350,True
Antec P20CE,172.61,ATX Mid Tower,Black,0.0,Unknown,50.6,2,ATX,True,350,True
Thermaltake View 200 TG ARGB,84.98,ATX Mid Tower,White,0.0,Tempered Glass,38.2,2,ATX,True,350,True
PC Cooler C3 T500 ARGB,168.56,ATX Mid Tower,Black,0.0,Tempered Glass,45.1,2,ATX,True,350,True
Silverstone FARA 513 Type-C,98.31,ATX Mid Tower,Black,0.0,Unknown,44.6,2,ATX,True,350,True
Silverstone SG13 V2,75.3,Mini ITX Tower,Pink,0.0,Unknown,11.5,1,Mini ITX,True,320,True
Antec Performance 1 M,214.99,Mini ITX Desktop,Green / Black,0.0,Mesh,19.3,0,Mini ITX,True,280,True
Thermaltake CTE T500 Air,134.98,ATX Full Tower,White,0.0,Tempered Glass,87.3,4,ATX,True,400,True
Silverstone SUGO 17,212.48,MicroATX Desktop,Black,0.0,Mesh,26.1,1,MicroATX,True,280,True
Thermaltake View 51 Snow ARGB Edition,214.6,ATX Full Tower,White,0.0,Tempered Glass,91.0,2,ATX,True,400,True
In Win BL040.300TB3LF,102.58,HTPC,Black,300.0,Unknown,11.6,2,,True,250,True
Thermaltake The Tower 100,128.99,Mini ITX Tower,Turquoise / Black,0.0,Tempered Glass,32.7,2,Mini ITX,True,320,True
iBuypower Snowblind S,199.99,ATX Mid Tower,White,0.0,Tempered Glass,43.0,2,ATX,True,350,True
G.Skill LT1,69.98,MicroATX Mini Tower,Black,0.0,Tempered Glass,35.0,1,MicroATX,True,300,True
Silverstone RVZ03,141.04,Mini ITX Desktop,Black,0.0,Unknown,15.9,0,Mini ITX,True,280,True
Corsair 5000T,244.99,ATX Mid Tower,Black,0.0,Tempered Glass,74.5,2,ATX,True,350,True
Thermaltake The Tower 300,169.99,MicroATX Mini Tower,Turquoise / Black,0.0,Tempered Glass,53.0,3,MicroATX,True,300,True
MagniumGear NEO QUBE 2 Infinity Mirror,106.98,ATX Mid Tower,White,0.0,Tempered Glass,55.9,2,ATX,True,350,True
TRYX LUCA L70,249.99,ATX Mid Tower,Black,0.0,Tempered Glass,80.9,0,ATX,True,350,True
Geometric Future Model 5,134.9,ATX Mid Tower,Black / Yellow,0.0,Tempered Glass,51.1,2,ATX,True,350,True
ENDORFY Regnum 400 Air,151.28,ATX Mid Tower,Black,0.0,Tempered Glass,45.9,2,ATX,True,350,True
Jonsbo MOD-3,325.31,ATX Mid Tower,Black,0.0,Tempered Glass,93.1,1,ATX,True,350,True
In Win BK623.BH300TB3,108.05,MicroATX Mini Tower,Black / Silver,300.0,Unknown,12.3,1,MicroATX,True,300,True
BGears b-Optillusion,59.99,ATX Mid Tower,Black,0.0,Tempered Glass,38.7,1,ATX,True,350,True
Thermaltake Ceres 350 MX,129.71,ATX Mid Tower,Pink,0.0,Tempered Glass,52.5,1,ATX,True,350,True
Thermaltake CTE T500,110.49,ATX Full Tower,White,0.0,Tempered Glass,87.3,4,ATX,True,400,True
Silverstone FARA 514X,108.69,ATX Mid Tower,Black,0.0,Tempered Glass,49.7,2,ATX,True,350,True
Thermaltake The Tower 250,154.98,Mini ITX Tower,Blue / Pink,0.0,Tempered Glass,42.7,1,Mini ITX,True,320,True
Thermaltake Ceres 330 ARGB,64.99,ATX Mid Tower,White,0.0,Tempered Glass,53.9,1,ATX,True,350,True
Silverstone Sugo SG11,131.62,MicroATX Mini Tower,Black,0.0,Unknown,31.35,3,MicroATX,True,300,True
Silverstone Milo 12,198.47,HTPC,Black,0.0,Mesh,15.6,0,,True,250,True
PrimoChill Praxis WetBench,234.99,ATX Test Bench,Black,0.0,Unknown,45.6,4,ATX,True,450,True
GAMDIAS ATLAS E1,84.84,ATX Mid Tower,Black,0.0,Tempered Glass,36.3,1,ATX,True,350,True
Thermaltake CTE C700 TG ARGB,154.93,ATX Mid Tower,Black,0.0,Tempered Glass,93.8,7,ATX,True,350,True
Cooler Master MasterBox MB600L V2,186.0,ATX Mid Tower,Black,0.0,Unknown,37.7,2,ATX,True,350,True
Corsair Crystal 280X RGB,239.99,MicroATX Mid Tower,Black,0.0,Tempered Glass,35.4,2,MicroATX,True,330,True
FSP Group CUT593P,109.99,ATX Full Tower,White,0.0,Tempered Glass,62.6,3,ATX,True,400,True
Asiahorse Perseus,179.99,ATX Mid Tower,White,0.0,Tempered Glass,73.9,2,ATX,True,350,True
Thermaltake The Tower 300,153.99,MicroATX Mini Tower,Green / Pink,0.0,Tempered Glass,53.0,3,MicroATX,True,300,True
In Win 101,119.2,ATX Mid Tower,Black,0.0,Tempered Glass,48.3,2,ATX,True,350,True
ADATA XPG INVADER X,169.0,ATX Mid Tower,White,0.0,Tempered Glass,52.1,3,ATX,True,350,True
Apevia Prodigy,74.98,MicroATX Mini Tower,Black,0.0,Tempered Glass,32.5,2,MicroATX,True,300,True
Thermaltake The Tower 600,189.99,ATX Mid Tower,Green / White,0.0,Tempered Glass,66.2,1,ATX,True,350,True
Azza Spectra,64.98,ATX Mid Tower,White,0.0,Tempered Glass,33.4,2,ATX,True,350,True
Fractal Design Meshify 3 XL RGB,209.99,ATX Full Tower,White,0.0,Tempered Glass,72.6,2,ATX,True,400,True
Raidmax X921 MESHIAN,69.98,ATX Mid Tower,Black,0.0,Tempered Glass,36.8,2,ATX,True,350,True
Thermaltake CTE E600,154.98,ATX Mid Tower,Black,0.0,Tempered Glass,77.4,2,ATX,True,350,True
Azza Celesta 340F,67.98,ATX Mid Tower,Black,0.0,Tempered Glass,40.2,2,ATX,True,350,True
Fractal Design Meshify 3,159.99,ATX Mid Tower,White,0.0,Tempered Glass,50.3,2,ATX,True,350,True
be quiet! Shadow Base 800 FX,239.89,ATX Mid Tower,White,0.0,Tempered Glass,70.9,2,ATX,True,350,True
Antec P10C,113.64,ATX Mid Tower,Black,0.0,Unknown,51.0,3,ATX,True,350,True
Zalman Z10 DUO,99.99,ATX Mid Tower,Black,0.0,Tempered Glass,51.6,2,ATX,True,350,True
Silverstone ML05B,74.99,HTPC,Black,0.0,Unknown,22.0,0,,True,250,True
GAMDIAS NESO P1,165.99,ATX Full Tower,White,0.0,Tempered Glass,75.2,5,ATX,True,400,True
SHARKOON Rebel C50,459.39,ATX Mid Tower,White,0.0,Mesh,52.4,3,ATX,True,350,True
Apevia Genesis Pro,79.98,ATX Mid Tower,White,0.0,Tempered Glass,35.7,3,ATX,True,350,True
Fractal Design Meshify 2 Compact RGB,273.63,ATX Mid Tower,Black,0.0,Tinted Tempered Glass,42.3,2,ATX,True,350,True
Thermaltake The Tower 200,104.98,Mini ITX Tower,Turquoise,0.0,Tempered Glass,45.1,2,Mini ITX,True,320,True
darkFlash L280,125.99,ATX Mid Tower,Black,0.0,Tempered Glass,54.6,2,ATX,True,350,True
Montech HS02,95.9,ATX Mid Tower,White,0.0,Tempered Glass,55.3,2,ATX,True,350,True
Streacom DA2 V2,259.0,Mini ITX Desktop,Black,0.0,Unknown,17.5,0,Mini ITX,True,280,True
Silverstone SUGO 15,160.08,Mini ITX Desktop,Silver,0.0,Unknown,19.1,0,Mini ITX,True,280,True
Vetroo AL800,64.98,ATX Mid Tower,White,0.0,Tempered Glass,46.4,2,ATX,True,350,True
Silverstone ML04B,116.1,HTPC,Black,0.0,Unknown,16.0,2,,True,250,True
Corsair iCUE 5000T RGB,239.99,ATX Mid Tower,White / Gray,0.0,Tempered Glass,74.5,2,ATX,True,350,True
Cooler Master MasterFrame 700,191.99,ATX Full Tower,Black,0.0,Tempered Glass,74.8,4,ATX,True,400,True
Corsair 2500X Satin,159.99,MicroATX Mini Tower,White / Gray,0.0,Tempered Glass,54.8,2,MicroATX,True,300,True
Vetroo M05,64.98,MicroATX Mid Tower,White,0.0,Tempered Glass,36.3,2,MicroATX,True,330,True
Thermaltake CTE E550,166.99,ATX Mid Tower,Black,0.0,Tempered Glass,77.4,3,ATX,True,350,True
Silverstone ML09,110.43,HTPC,Black,0.0,Unknown,22.0,0,,True,250,True
HYTE Y60 Ouro Kronii,280.0,ATX Mid Tower,White / Gold,0.0,Tempered Glass,60.0,2,ATX,True,350,True
Thermaltake CTE E550,169.95,ATX Mid Tower,Green / Black,0.0,Tempered Glass,77.4,3,ATX,True,350,True
Chieftec CI-01B-OP,184.88,MicroATX Desktop,Black,0.0,Unknown,33.6,2,MicroATX,True,280,True
In Win A3,69.56,MicroATX Mini Tower,Black,0.0,Tempered Glass,29.9,2,MicroATX,True,300,True
SHARKOON QB ONE,159.76,Mini ITX Desktop,Black,0.0,Mesh,14.9,2,Mini ITX,True,280,True
Antec Performance 1 FT,305.87,ATX Full Tower,White,0.0,Tempered Glass,62.7,2,ATX,True,400,True
Thermaltake Core P6,187.9,ATX Mid Tower,White / Black,0.0,Tempered Glass,76.4,4,ATX,True,350,True
Fractal Design Meshify 2 Lite,466.15,ATX Mid Tower,White / Black,0.0,Tempered Glass,61.7,2,ATX,True,350,True
Fractal Design Epoch RGB,129.99,ATX Mid Tower,White,0.0,Tempered Glass,45.1,2,ATX,True,350,True
Corsair 6500X,199.99,ATX Mid Tower,White / Gray,0.0,Tempered Glass,78.3,2,ATX,True,350,True
Silverstone SETA A2,199.99,ATX Mid Tower,Black,0.0,Tempered Glass,68.7,11,ATX,True,350,True
HYTE Watson Amelia Y40,279.99,ATX Mid Tower,Gold / Black,0.0,Tempered Glass,49.7,1,ATX,True,350,True
NZXT H7 Elite (2022),199.99,ATX Mid Tower,Unknown,0.0,Tempered Glass,55.8,2,ATX,True,350,True
Streacom DA6,139.0,Mini ITX Test Bench,Silver,0.0,Unknown,19.9,4,Mini ITX,True,400,True
Montech HS01,89.9,ATX Mid Tower,White,0.0,Tempered Glass,55.3,2,ATX,True,350,True
Azza Pyramid Mesh,419.99,ATX Mid Tower,Silver / Black,0.0,Mesh,140.5,1,ATX,True,350,True
HYTE Mori Calliope Y40,349.99,ATX Mid Tower,Black / Red,0.0,Tempered Glass,49.7,1,ATX,True,350,True
Azza Legionaire 470,109.99,ATX Mid Tower,Black,0.0,Mesh,46.8,2,ATX,True,350,True
In Win A5,105.0,ATX Mid Tower,Black,0.0,Tempered Glass,34.9,2,ATX,True,350,True
ADATA XPG Battlecruiser II,179.99,ATX Mid Tower,Black,0.0,Tempered Glass,62.6,5,ATX,True,350,True
Silverstone ML08,136.22,HTPC,Black,0.0,Acrylic,22.0,0,,True,250,True
be quiet! Silent Base 601,184.35,ATX Mid Tower,Black / Silver,0.0,Tempered Glass,45.8,3,ATX,True,350,True
be quiet! Pure Base 501 Airflow,114.9,ATX Mid Tower,White,0.0,Tempered Glass,48.1,2,ATX,True,350,True
GAMDIAS MARS E2,79.99,MicroATX Mid Tower,Black,0.0,Tempered Glass,35.4,2,MicroATX,True,330,True
Thermaltake Ceres 350 MX,144.98,ATX Mid Tower,Green / Black,0.0,Tempered Glass,52.5,1,ATX,True,350,True
Antec ISK 110 VESA U3,537.2,Mini ITX Desktop,Black,90.0,Unknown,4.1,0,Mini ITX,True,280,True
Cooler Master Silencio S400,356.98,MicroATX Mini Tower,Black,0.0,Tempered Glass,31.35,4,MicroATX,True,300,True
Aerocool Cipher,186.0,ATX Mid Tower,Black,0.0,Unknown,48.2,12,ATX,True,350,True
Mars Gaming MC-CORE,103.8,MicroATX Mid Tower,Black,0.0,Tempered Glass,14.6,3,MicroATX,True,330,True
Azza Elise,69.98,MicroATX Mid Tower,Black / Pink,0.0,Tempered Glass,34.4,2,MicroATX,True,330,True
Thermaltake CTE T500,154.98,ATX Full Tower,Black,0.0,Tempered Glass,87.3,4,ATX,True,400,True
Silverstone TJ08B-E,155.97,MicroATX Mini Tower,Black,0.0,Unknown,30.2,4,MicroATX,True,300,True
Silverstone CS380,253.2,ATX Mid Tower,Black,0.0,Unknown,45.0,8,ATX,True,350,True
Silverstone FARA H1M,72.89,MicroATX Mini Tower,White,0.0,Tempered Glass,30.1,2,MicroATX,True,300,True
Montech HS01 PRO,114.9,ATX Mid Tower,White,0.0,Tempered Glass,55.3,2,ATX,True,350,True
darkFlash J11,79.98,ATX Mid Tower,Black,0.0,Tempered Glass,38.7,2,ATX,True,350,True
Gigabyte AORUS C400,329.02,ATX Mid Tower,Black,0.0,Tempered Glass,42.8,2,ATX,True,350,True
be quiet! Shadow Base 800 DX,147.9,ATX Mid Tower,White,0.0,Tempered Glass,70.9,2,ATX,True,350,True
NZXT H710i,191.65,ATX Mid Tower,Black / Red,0.0,Tempered Glass,58.6,4,ATX,True,350,True
Lian Li LL01,154.99,ATX Mid Tower,Black,0.0,Tempered Glass,49.5,2,ATX,True,350,True
Silverstone ML04 Type-C,140.85,HTPC,Black,0.0,Mesh,16.0,2,,True,250,True
Thermaltake Versa H24,161.0,ATX Mid Tower,Black,0.0,Unknown,42.6,3,ATX,True,350,True
Azza Cube 802 RGB,379.99,ATX Mid Tower,Black,0.0,Tempered Glass,45.8,1,ATX,True,350,True
RAIJINTEK Metis Plus,74.9,Mini ITX Tower,White,0.0,Acrylic,13.4,2,Mini ITX,True,320,True
Silverstone DS380B,221.99,Mini ITX Tower,Black,0.0,Unknown,18.1,0,Mini ITX,True,320,True
Silverstone FARA 512Z,94.46,ATX Mid Tower,Black,0.0,Tempered Glass,43.3,2,ATX,True,350,True
Thermaltake Ceres 350 MX,139.99,ATX Mid Tower,Blue,0.0,Tempered Glass,52.5,1,ATX,True,350,True
Silverstone FARA R1 PRO,91.99,ATX Mid Tower,Black,0.0,Tempered Glass,36.0,1,ATX,True,350,True
Geometric Future Model 5 Vent,149.9,ATX Mid Tower,Black,0.0,Tempered Glass,53.8,2,ATX,True,350,True
In Win F5,149.0,ATX Full Tower,Black,0.0,Tempered Glass,65.1,2,ATX,True,400,True
Thermaltake View 71 TG,199.99,ATX Full Tower,Black,0.0,Acrylic,74.8,4,ATX,True,400,True
iBuypower Element 9 PRO,134.99,ATX Mid Tower,White,0.0,Tempered Glass,49.2,2,ATX,True,350,True
Aerocool Prism V1,75.26,ATX Mid Tower,Black,0.0,Tempered Glass,41.7,2,ATX,True,350,True
Geometric Future Model 5 Vent,149.9,ATX Mid Tower,Black / Yellow,0.0,Tempered Glass,53.8,2,ATX,True,350,True
In Win ModFree Deluxe,269.0,ATX Full Tower,Black,0.0,Tempered Glass,84.5,1,ATX,True,400,True
Apevia Prism Elite,105.99,ATX Mid Tower,Black,0.0,Tempered Glass,47.9,2,ATX,True,350,True
Rosewill Helium Flow RGB,89.99,ATX Mid Tower,Black,0.0,Tempered Glass,50.5,3,ATX,True,350,True
Cooler Master MasterBox MB400L with ODD,71.06,MicroATX Mini Tower,Black,0.0,Unknown,35.4,2,MicroATX,True,300,True
Cooler Master Elite 302,81.03,MicroATX Mini Tower,White / Black,0.0,Tempered Glass,34.1,1,MicroATX,True,300,True
Silverstone GD07B,230.07,HTPC,Black,0.0,Unknown,33.4,5,,True,250,True
Silverstone ALTA G1M,171.13,MicroATX Mid Tower,Unknown,0.0,Unknown,35.4,4,MicroATX,True,330,True
ADATA XPG STARKER AIR,89.99,ATX Mid Tower,Pink,0.0,Tempered Glass,40.0,2,ATX,True,350,True
Apevia Prism Elite,105.99,ATX Mid Tower,White,0.0,Tempered Glass,47.9,2,ATX,True,350,True
Thermaltake CTE C750 ARGB,184.98,ATX Full Tower,White,0.0,Tempered Glass,110.7,7,ATX,True,400,True
be quiet! Dark Base 701,239.9,ATX Mid Tower,White,0.0,Tempered Glass,73.6,2,ATX,True,350,True
Chieftec BS-10B-300,167.02,MicroATX Mini Tower,Black,300.0,Unknown,14.4,1,MicroATX,True,300,True
Apevia Genesis Pro,79.98,ATX Mid Tower,Black,0.0,Tempered Glass,35.7,3,ATX,True,350,True
G.Skill Z5i,139.99,Mini ITX Tower,Black,0.0,Tempered Glass,24.4,1,Mini ITX,True,320,True
Silverstone Precision PS15 RGB,73.15,MicroATX Mid Tower,Black,0.0,Tempered Glass,25.7,1,MicroATX,True,330,True
Silverstone CS381B,457.99,MicroATX Desktop,Black,0.0,Unknown,24.2,0,MicroATX,True,280,True
Thermaltake H570 TG ARGB,124.98,ATX Mid Tower,White,0.0,Tempered Glass,48.8,2,ATX,True,350,True
Thermaltake The Tower 250,132.49,Mini ITX Tower,Yellow / Brown,0.0,Tempered Glass,42.7,1,Mini ITX,True,320,True
Cougar Gemini M,159.43,MicroATX Mini Tower,Black,0.0,Tempered Glass,35.7,2,MicroATX,True,300,True
Azza Pyramid Mini 806,339.99,Mini ITX Tower,Silver / Black,0.0,Tempered Glass,18.1,0,Mini ITX,True,320,True
Aerocool Cronus,119.91,ATX Mid Tower,Black,0.0,Tempered Glass,54.0,3,ATX,True,350,True
iBuypower Element 9,114.99,ATX Mid Tower,White,0.0,Tempered Glass,49.2,2,ATX,True,350,True
Silverstone FTZ01,182.65,Mini ITX Desktop,Black,0.0,Unknown,15.9,1,Mini ITX,True,280,True
HYTE REVOLT 3,249.99,Mini ITX Tower,Black,700.0,Mesh,18.4,1,Mini ITX,True,320,True
Silverstone RVZ02B,118.98,HTPC,Black / Clear,0.0,Acrylic,22.0,1,,True,250,True
BGears b-Voguish RGB,83.99,ATX Mid Tower,Black,0.0,Tempered Glass,40.8,2,ATX,True,350,True
Chieftec CN-01B-OP,94.15,Mini ITX Desktop,Black,0.0,Mesh,13.0,3,Mini ITX,True,280,True
Cooler Master MasterCase H100,171.0,Mini ITX Desktop,Black,0.0,Unknown,15.9,1,Mini ITX,True,280,True
Corsair 5000T,244.99,ATX Mid Tower,White,0.0,Tempered Glass,74.5,2,ATX,True,350,True
Thermaltake CTE C700 Air,134.98,ATX Mid Tower,White,0.0,Tempered Glass,93.8,7,ATX,True,350,True
Silverstone SG13,74.27,Mini ITX Tower,Black,0.0,Unknown,11.5,1,Mini ITX,True,320,True
YEYIAN Mirage X,280.45,ATX Full Tower,Black,0.0,Tempered Glass,60.4,1,ATX,True,400,True
Rosewill Helium Flow RGB,89.99,ATX Mid Tower,White,0.0,Tempered Glass,50.5,3,ATX,True,350,True
be quiet! Pure Base 501 DX,139.9,ATX Mid Tower,White,0.0,Tempered Glass,48.1,2,ATX,True,350,True
Streacom DA2,288.86,Mini ITX Desktop,Silver,0.0,Unknown,15.9,3,Mini ITX,True,280,True
Fractal Design Core 1000,77.27,MicroATX Mini Tower,Black,0.0,Unknown,26.1,2,MicroATX,True,300,True
Thermaltake Ceres 500,109.66,ATX Mid Tower,White,0.0,Tempered Glass,65.3,2,ATX,True,350,True
Asus A23 PLUS,129.0,MicroATX Mid Tower,Black,0.0,Tempered Glass,47.4,2,MicroATX,True,330,True
NZXT H510i All Might,249.99,ATX Mid Tower,Blue / Red,0.0,Tempered Glass,41.3,2,ATX,True,350,True
ADATA XPG Battlecruiser,160.0,ATX Mid Tower,Black,0.0,Tempered Glass,55.2,2,ATX,True,350,True
Geometric Future Model 6,99.9,ATX Mid Tower,Black / Yellow,0.0,Tinted Tempered Glass,43.5,4,ATX,True,350,True
Thermaltake Divider 300 TG,79.98,ATX Mid Tower,Black,0.0,Tempered Glass,48.2,2,ATX,True,350,True
ADATA XPG DEFENDER,106.84,ATX Mid Tower,Black,0.0,Tempered Glass,47.7,2,ATX,True,350,True
TRYX LUCA L70,249.99,ATX Mid Tower,White,0.0,Tempered Glass,80.9,0,ATX,True,350,True
MSI MAG PANO 120R PZ,235.4,ATX Mid Tower,Black,0.0,Tempered Glass,70.2,2,ATX,True,350,True
Silverstone ALTA G1M,183.71,MicroATX Mid Tower,White,0.0,Unknown,35.4,4,MicroATX,True,330,True
Rosewill Zircon I,189.99,ATX Mid Tower,Black,0.0,Tempered Glass,43.4,2,ATX,True,350,True
Antec GX700,208.44,ATX Mid Tower,Black,0.0,Unknown,44.9,5,ATX,True,350,True
Antec P10 FLUX,106.99,ATX Mid Tower,Black,0.0,Unknown,45.8,3,ATX,True,350,True
Thermaltake CTE E660 MX,184.98,ATX Mid Tower,Blue / White,0.0,Tempered Glass,77.4,3,ATX,True,350,True
BGears ‎b-BlackWidow-RGB,85.47,ATX Mid Tower,Black,0.0,Tinted Tempered Glass,41.2,2,ATX,True,350,True
Chieftec UK-02B-OP,155.09,ATX Mid Tower,Black,0.0,Unknown,29.6,2,ATX,True,350,True
Thermaltake Ceres 350 MX,144.98,ATX Mid Tower,Green,0.0,Tempered Glass,52.5,1,ATX,True,350,True
Apevia Destiny Pro,81.99,ATX Mid Tower,White / Black,0.0,Tempered Glass,42.0,2,ATX,True,350,True
Thermaltake Ceres 350 MX,119.99,ATX Mid Tower,White,0.0,Tempered Glass,52.5,1,ATX,True,350,True
Silverstone PS15,74.56,MicroATX Mid Tower,White,0.0,Tempered Glass,25.7,1,MicroATX,True,330,True
Silverstone FARA 511Z,103.99,ATX Mid Tower,Black,0.0,Tempered Glass,42.9,2,ATX,True,350,True
Streacom DA2 V2,259.99,Mini ITX Desktop,Silver,0.0,Unknown,17.5,0,Mini ITX,True,280,True
HYTE Y60 Hakos Baelz,280.0,ATX Mid Tower,Black / Red,0.0,Tempered Glass,60.0,2,ATX,True,350,True
Geometric Future Model 5 Vent Fanless,109.9,ATX Mid Tower,Black,0.0,Tempered Glass,53.8,2,ATX,True,350,True
ADATA XPG DEFENDER,96.74,ATX Mid Tower,White / Black,0.0,Tempered Glass,47.7,2,ATX,True,350,True
Thermaltake Divider 200 TG Air Snow,149.96,MicroATX Mini Tower,White,0.0,Tempered Glass,51.6,3,MicroATX,True,300,True
Silverstone FARA H1M PRO,91.97,MicroATX Mini Tower,White / Black,0.0,Tempered Glass,30.1,2,MicroATX,True,300,True
In Win IW-MS04,148.86,Mini ITX Desktop,Black,0.0,Unknown,15.9,4,Mini ITX,True,280,True
Silverstone PM02-G,158.71,ATX Mid Tower,Black / Red,0.0,Tempered Glass,49.3,3,ATX,True,350,True
Thermaltake CTE C700 TG ARGB,110.49,ATX Mid Tower,White,0.0,Tempered Glass,93.8,7,ATX,True,350,True
RAIJINTEK Ponos Ultra MS4,79.98,ATX Mid Tower,Black,0.0,Tempered Glass,46.3,2,ATX,True,350,True
Silverstone SUGO 17,216.37,MicroATX Desktop,White,0.0,Mesh,26.1,1,MicroATX,True,280,True
Thermaltake The Tower 300,159.99,MicroATX Mini Tower,Pink / Blue,0.0,Tempered Glass,53.0,3,MicroATX,True,300,True
Chieftec BT-02B-U3-250VS (230V),165.78,Mini ITX Tower,Unknown,250.0,Unknown,9.6,1,Mini ITX,True,320,True
Silverstone PS15 PRO,192.49,MicroATX Mid Tower,Black,0.0,Tempered Glass,25.7,1,MicroATX,True,330,True
Cougar MX330-F,86.84,ATX Mid Tower,Black,0.0,Acrylic,39.4,2,ATX,True,350,True
Asus TUF Gaming GT301,229.99,ATX Mid Tower,Pink / Black,0.0,Tempered Glass,43.9,2,ATX,True,350,True
SHARKOON Rebel C50 RGB,481.35,ATX Mid Tower,Black,0.0,Tempered Glass,52.4,3,ATX,True,350,True
Cougar Duoface RGB,122.0,ATX Mid Tower,White,0.0,Tempered Glass,43.6,2,ATX,True,350,True
Montech SKY ONE LITE,119.95,ATX Mid Tower,Black,0.0,Tempered Glass,44.8,2,ATX,True,350,True
be quiet! Pure Base 501 LX,154.9,ATX Mid Tower,White,0.0,Tempered Glass,48.1,2,ATX,True,350,True
SHARKOON VS9 RGB,342.8,ATX Mid Tower,White,0.0,Tempered Glass,42.1,2,ATX,True,350,True
Aerocool Menace Saturn RGB,88.11,ATX Mid Tower,Black,0.0,Tempered Glass,36.7,2,ATX,True,350,True
Thermaltake Versa H15,192.0,MicroATX Mid Tower,Black,0.0,Acrylic,35.4,3,MicroATX,True,330,True
RAIJINTEK METIS EVO TGS,81.23,Mini ITX Desktop,White,0.0,Tempered Glass,22.3,2,Mini ITX,True,280,True
RAIJINTEK Ponos Ultra TG4,88.99,ATX Mid Tower,White,0.0,Tempered Glass,46.3,2,ATX,True,350,True
GameMax N80,116.99,ATX Mid Tower,Black,0.0,Tempered Glass,56.0,1,ATX,True,350,True
Cooler Master MasterFrame 600,291.97,ATX Mid Tower,Silver,0.0,Tempered Glass,61.2,2,ATX,True,350,True
Silverstone SETA A2,197.99,ATX Mid Tower,White,0.0,Tempered Glass,68.7,11,ATX,True,350,True
Silverstone Sugo 16,100.1,Mini ITX Tower,White,0.0,Unknown,13.0,1,Mini ITX,True,320,True
Geometric Future Model 5 Fanless,119.9,ATX Mid Tower,White,0.0,Tempered Glass,51.1,2,ATX,True,350,True
Thermaltake View 300 MX,228.75,ATX Mid Tower,Black,0.0,Tempered Glass,58.8,2,ATX,True,350,True
Silverstone GD10B,171.65,HTPC,Black,0.0,Unknown,27.4,2,,True,250,True
Cougar DarkBlader X5 RGB,333.94,ATX Mid Tower,Black,0.0,Tempered Glass,50.0,2,ATX,True,350,True
Cougar Gemini S,119.94,ATX Mid Tower,Gray / Black,0.0,Tempered Glass,45.8,2,ATX,True,350,True
Chieftec BX-10B-M-OP,94.24,MicroATX Mid Tower,Black,0.0,Mesh,28.8,1,MicroATX,True,330,True
Silverstone TJ04B-E,241.07,ATX Mid Tower,Black,0.0,Unknown,51.0,9,ATX,True,350,True
Thermaltake CTE E550,169.95,ATX Mid Tower,White,0.0,Tempered Glass,77.4,3,ATX,True,350,True
Silverstone KL07B-E,148.08,ATX Mid Tower,Black,0.0,Unknown,52.9,3,ATX,True,350,True
Silverstone RVZ03W-ARGB,139.43,Mini ITX Desktop,White,0.0,Unknown,15.9,0,Mini ITX,True,280,True
Silverstone FARA 312Z,88.86,MicroATX Mini Tower,Black,0.0,Tempered Glass,37.2,2,MicroATX,True,300,True
Lian Li LANCOOL 205 Mesh,239.95,ATX Mid Tower,White / Black,0.0,Tempered Glass,41.3,2,ATX,True,350,True
GameMax Abyss TR,112.99,ATX Mid Tower,Black,0.0,Tempered Glass,57.1,3,ATX,True,350,True
Thermaltake Ceres 350 MX,139.99,ATX Mid Tower,Yellow,0.0,Tempered Glass,52.5,1,ATX,True,350,True
Apevia Destiny Pro,81.99,ATX Mid Tower,Black,0.0,Tempered Glass,42.0,2,ATX,True,350,True
In Win F5,169.0,ATX Full Tower,White,0.0,Tempered Glass,65.1,2,ATX,True,400,True
Silverstone SETA H1,193.04,ATX Mid Tower,Black,0.0,Tempered Glass,55.0,2,ATX,True,350,True
Azza Hive 450,79.98,ATX Mid Tower,Black,0.0,Tempered Glass,41.9,2,ATX,True,350,True
SHARKOON Rebel C50 RGB,480.24,ATX Mid Tower,White,0.0,Tempered Glass,52.4,3,ATX,True,350,True
Thermaltake Ceres 350 MX,139.99,ATX Mid Tower,Black,0.0,Tempered Glass,52.5,1,ATX,True,350,True
RAIJINTEK OPHION M EVO TGS,69.9,MicroATX Mid Tower,Black,0.0,Tempered Glass,35.4,3,MicroATX,True,330,True
Chieftec UE-02B,119.1,MicroATX Mini Tower,Unknown,0.0,Unknown,12.9,1,MicroATX,True,300,True
Thermaltake CTE E600,129.99,ATX Mid Tower,Blue,0.0,Tempered Glass,77.4,2,ATX,True,350,True
Thermaltake CTE E660 MX,184.98,ATX Mid Tower,White,0.0,Tempered Glass,77.4,3,ATX,True,350,True
Silverstone Lucid LD03,149.81,Mini ITX Tower,Unknown,0.0,Tinted Tempered Glass,25.2,1,Mini ITX,True,320,True
Silverstone FARA R1 PRO,94.99,ATX Mid Tower,Black,0.0,Tempered Glass,36.0,1,ATX,True,350,True
Geometric Future Model 5 Fanless,119.9,ATX Mid Tower,Black / Green,0.0,Tempered Glass,51.1,2,ATX,True,350,True
Thermaltake H550 TG ARGB,234.64,ATX Mid Tower,Black,0.0,Tempered Glass,45.8,2,ATX,True,350,True
Thermaltake Divider 300 TG Air Snow,119.99,ATX Mid Tower,White,0.0,Tempered Glass,48.2,2,ATX,True,350,True
Thermaltake CTE E600,145.94,ATX Mid Tower,White,0.0,Tempered Glass,77.4,2,ATX,True,350,True
Montech SKY ONE LITE,134.96,ATX Mid Tower,White,0.0,Tempered Glass,44.8,2,ATX,True,350,True
Supermicro SuperChassis 721TQ-350B2,361.94,Mini ITX Tower,Black,350.0,Unknown,14.1,0,Mini ITX,True,320,True
Thermaltake Divider 300 ARGB Triangular,154.98,ATX Mid Tower,Black,0.0,Tempered Glass,48.2,2,ATX,True,350,True
Geometric Future Model 2 The ARK,169.9,MicroATX Mini Tower,Black / Gold,0.0,Mesh,40.7,1,MicroATX,True,300,True
Thermaltake H700 TG,94.98,ATX Mid Tower,White,0.0,Tempered Glass,53.5,2,ATX,True,350,True
Azza Regis,399.99,ATX Mid Tower,Black,0.0,Tempered Glass,45.8,1,ATX,True,350,True
Silverstone Lucid LD03-AF,157.51,Mini ITX Tower,Black,0.0,Tempered Glass,25.2,1,Mini ITX,True,320,True
Silverstone SG12B-V2,184.53,MicroATX Mini Tower,Black / Blue,0.0,Unknown,31.35,3,MicroATX,True,300,True
SHARKOON VS8 RGB,345.69,ATX Mid Tower,White,0.0,Tempered Glass,42.1,2,ATX,True,350,True
Azza Eclipse 440,79.98,ATX Mid Tower,Black,0.0,Tempered Glass,45.5,2,ATX,True,350,True
Chieftec CS-12B-300,146.86,MicroATX Mini Tower,Black,300.0,Unknown,12.3,1,MicroATX,True,300,True
HYTE REVOLT 3,249.99,Mini ITX Tower,White,700.0,Mesh,18.4,1,Mini ITX,True,320,True
In Win 904,69.98,ATX Mid Tower,Black,0.0,Tempered Glass,45.8,3,ATX,True,350,True
Geometric Future Model 5 Vent Fanless,109.9,ATX Mid Tower,White,0.0,Tempered Glass,53.8,2,ATX,True,350,True
Geometric Future Model 5 Fanless,109.9,ATX Mid Tower,Black / Yellow,0.0,Tempered Glass,51.1,2,ATX,True,350,True
Silverstone ALTA F1,299.55,ATX Mid Tower,Black,0.0,Tempered Glass,56.8,2,ATX,True,350,True
Azza Chroma 410,120.0,ATX Mid Tower,Black,0.0,Acrylic,45.8,2,ATX,True,350,True
Silverstone FTZ01,181.99,Mini ITX Desktop,Silver,0.0,Unknown,15.9,1,Mini ITX,True,280,True
ADATA XPG Battlecruiser II,179.99,ATX Mid Tower,White,0.0,Tempered Glass,62.6,5,ATX,True,350,True
In Win ModFree Base,179.0,ATX Full Tower,Black,0.0,Tempered Glass,57.2,1,ATX,True,400,True
GAMDIAS NESO P1,149.99,ATX Full Tower,Unknown,0.0,Tempered Glass,75.2,5,ATX,True,400,True
Azza Octane A,99.99,ATX Mid Tower,Black,0.0,Tempered Glass,44.8,2,ATX,True,350,True
Silverstone FTZ01-E,200.69,Mini ITX Desktop,Black,0.0,Unknown,15.9,0,Mini ITX,True,280,True
RAIJINTEK OPHION M EVO ALS,69.9,MicroATX Mid Tower,Black,0.0,Unknown,35.4,3,MicroATX,True,330,True
Geometric Future Model 2 The ARK,99.9,MicroATX Mini Tower,Gray / Black,0.0,Tempered Glass,40.7,1,MicroATX,True,300,True
iStarUSA S-917,211.96,Mini ITX Tower,Black,0.0,Unknown,28.2,0,Mini ITX,True,320,True
Silverstone FARA R1 PRO,108.86,ATX Mid Tower,White,0.0,Tempered Glass,36.0,1,ATX,True,350,True
Cougar DarkBlader X5,177.76,ATX Mid Tower,White,0.0,Tempered Glass,50.0,2,ATX,True,350,True
Silverstone SETA A1,144.47,ATX Mid Tower,Silver / Black,0.0,Tempered Glass,45.7,2,ATX,True,350,True
Geometric Future Model 5 Vent,159.9,ATX Mid Tower,White,0.0,Tempered Glass,53.8,2,ATX,True,350,True
Thermaltake View 300 MX Snow TG ARGB,144.98,ATX Mid Tower,White,0.0,Tempered Glass,58.8,2,ATX,True,350,True
Cougar DarkBlader X5,177.76,ATX Mid Tower,Black,0.0,Tempered Glass,50.0,2,ATX,True,350,True
Silverstone RV05B,116.35,ATX Mid Tower,Black,0.0,Unknown,63.8,2,ATX,True,350,True
Antec VSK10,295.77,MicroATX Mid Tower,Black,0.0,Unknown,35.4,2,MicroATX,True,330,True
Silverstone SETA A1,139.46,ATX Mid Tower,Black,0.0,Tempered Glass,45.7,2,ATX,True,350,True
Thermaltake Divider 500 TG ARGB Air Snow,159.99,ATX Mid Tower,White,0.0,Tempered Glass,56.8,2,ATX,True,350,True
Thermaltake Divider 500 TG ARGB,164.98,ATX Mid Tower,Black,0.0,Tempered Glass,56.8,2,ATX,True,350,True
Geometric Future Model 5 Vent Fanless,109.9,ATX Mid Tower,Black / Yellow,0.0,Tempered Glass,53.8,2,ATX,True,350,True
Silverstone ALTA F1,290.88,ATX Mid Tower,Silver / Black,0.0,Tempered Glass,56.8,2,ATX,True,350,True
Silverstone PM02-G,156.41,ATX Mid Tower,Unknown,0.0,Tempered Glass,49.3,3,ATX,True,350,True
Thermaltake Divider 300 TG Air,124.98,ATX Mid Tower,Black,0.0,Tempered Glass,48.2,2,ATX,True,350,True
RAIJINTEK STYX,89.99,MicroATX Mini Tower,Silver,0.0,Unknown,31.35,3,MicroATX,True,300,True
Asus A23 PLUS,129.0,MicroATX Mid Tower,White,0.0,Tempered Glass,47.4,2,MicroATX,True,330,True
RAIJINTEK Silenos Pro,207.78,ATX Mid Tower,Black,0.0,Tempered Glass,39.8,2,ATX,True,350,True
Silverstone CS383,379.99,ATX Full Tower,Black,0.0,Unknown,77.0,1,ATX,True,400,True
Aerocool Menace Saturn FRGB,145.0,ATX Mid Tower,Black,0.0,Tempered Glass,36.7,2,ATX,True,350,True
In Win EFS712,109.99,MicroATX Mini Tower,Black,0.0,Unknown,25.5,3,MicroATX,True,300,True
Geometric Future Model 8,151.88,ATX Mid Tower,Black / White,0.0,Tinted Tempered Glass,57.5,3,ATX,True,350,True
Silverstone SG04B-F,155.51,MicroATX Mini Tower,Black,0.0,Unknown,24.7,2,MicroATX,True,300,True
Thermaltake Divider 500 TG ARGB Air,164.98,ATX Mid Tower,Black,0.0,Tempered Glass,56.8,2,ATX,True,350,True
Chieftec BT-04B-U3-250VS (230V),262.0,Mini ITX Tower,Black,250.0,Unknown,10.5,1,Mini ITX,True,320,True
GameMax Vega,97.99,ATX Mid Tower,Gray / Black,0.0,Tempered Glass,53.2,3,ATX,True,350,True
Silverstone CS01-HS,180.49,Mini ITX Tower,Black,0.0,Unknown,18.1,0,Mini ITX,True,320,True
In Win EM048,351.24,MicroATX Mini Tower,Black,0.0,Unknown,31.35,1,MicroATX,True,300,True
Thermaltake Commander C34 TG Snow ARGB,74.96,ATX Mid Tower,White / Black,0.0,Tempered Glass,45.8,3,ATX,True,350,True
BitFenix Colossus Micro,230.0,MicroATX Mid Tower,Black,0.0,Unknown,30.6,4,MicroATX,True,330,True
Thermaltake Divider 550 TG Ultra,204.98,ATX Mid Tower,Black,0.0,Tempered Glass,56.8,2,ATX,True,350,True
Thermaltake Divider 500 TG ARGB Snow,174.96,ATX Mid Tower,White,0.0,Tempered Glass,56.8,2,ATX,True,350,True
Silverstone CS01,148.72,Mini ITX Tower,Silver,0.0,Unknown,18.1,2,Mini ITX,True,320,True
Cougar MX660-T RGB,240.25,ATX Mid Tower,Black,0.0,Tempered Glass,50.0,2,ATX,True,350,True
