name,price,type,efficiency,wattage,modular,color
MSI MAG A750GL PCIE5,109.99,ATX,gold,750,Full,Black
MSI MAG A850GL PCIE5,121.99,ATX,gold,850,Full,Black
MSI MAG A650BN,74.98,ATX,bronze,650,Non-modular,Black
Corsair RM1000e (2023),179.99,ATX,gold,1000,Full,Black
Corsair RM750e (2025),99.99,ATX,Unknown,750,Full,Black
Corsair RM850e (2025),119.99,ATX,Unknown,850,Full,Black
MSI MAG A550BN,54.99,ATX,bronze,550,Non-modular,Black
Corsair RM850x (2024),144.99,ATX,Unknown,850,Full,Black
Corsair SF1000 (2024),239.99,SFX,platinum,1000,Full,Black
MSI MAG A650GL,129.94,ATX,gold,650,Full,Black
Cooler Master MWE Gold 850 - V2,89.99,ATX,gold,850,Full,Black
Thermaltake Smart,39.95,ATX,plus,500,Non-modular,Unknown
Corsair SF750 (2024),179.99,SFX,platinum,750,Full,Black
Montech CENTURY II,89.9,ATX,gold,850,Full,Black
Corsair RM1000x (2024),209.95,ATX,Unknown,1000,Full,Black
Corsair CX (2023),69.98,ATX,bronze,650,Non-modular,Black
Asus ROG THOR 1600T Gaming,986.98,ATX,titanium,1600,Full,Silver / Black
be quiet! Pure Power 12 M,124.9,ATX,gold,850,Full,Black
MSI MAG A850GL PCIE5,132.99,ATX,gold,850,Full,White
Corsair RM850,124.99,ATX,gold,850,Full,White / Black
Thermaltake Smart,44.99,ATX,plus,600,Non-modular,Unknown
Corsair SF850 (2024),194.99,SFX,platinum,850,Full,Black
Corsair RM1000e (2025),159.99,ATX,Unknown,1000,Full,Black
Corsair RM650e (2025),104.99,ATX,Unknown,650,Full,Black
be quiet! Pure Power 12 M,98.9,ATX,gold,750,Full,Black
Thermaltake Toughpower GX2,69.98,ATX,gold,600,Non-modular,Black
Lian Li EDGE,182.28,ATX,platinum,1000,Full,White
Apevia Galaxy,54.99,ATX,gold,650,Semi,Black
Thermaltake Toughpower GF1 (2024),103.99,ATX,gold,850,Full,Black
MSI MAG A750BN PCIE5,74.98,ATX,bronze,750,Non-modular,Black
Lian Li SP,127.99,SFX,gold,750,Full,Black
Cooler Master V850 SFX GOLD,149.99,SFX,gold,850,Full,Black
Corsair AX1600i,609.99,ATX,titanium,1600,Full,Unknown
Corsair CX (2023),64.98,ATX,bronze,550,Non-modular,Black
be quiet! Dark Power 13,267.36,ATX,titanium,1000,Full,Black
Corsair RM750e (2025),109.99,ATX,Unknown,750,Full,White
Corsair HX1500i (2023),258.99,ATX,platinum,1500,Full,Black
Corsair CX650M (2021),74.98,ATX,bronze,650,Semi,Black
Corsair RM750x (2024),119.99,ATX,Unknown,750,Full,Black
SAMA GT,69.99,ATX,gold,650,Full,Black
Asus ROG STRIX 1200P Gaming,254.99,ATX,platinum,1200,Full,Black / Silver
Corsair RM750,119.95,ATX,gold,750,Full,White / Black
Montech CENTURY II,109.9,ATX,gold,1050,Full,Black
Corsair RM850e (2023),189.99,ATX,gold,850,Full,Black
Lian Li SP750,115.99,SFX,gold,750,Full,White
Corsair HX1200i,219.99,ATX,platinum,1200,Full,Black
Corsair RM850x (2021),198.98,ATX,gold,850,Full,Black
Corsair RM1000e (2025),199.99,ATX,Unknown,1000,Full,White
Gigabyte P650G,69.99,ATX,gold,650,Non-modular,Black
Apevia Prestige,51.99,ATX,gold,600,Non-modular,Black
Thermaltake Smart,54.99,ATX,plus,700,Non-modular,Unknown
Lian Li EDGE,159.99,ATX,platinum,1000,Full,Black
be quiet! Pure Power 12 M,139.9,ATX,gold,1000,Full,Black
Asus TUF Gaming 1000G,166.92,ATX,gold,1000,Full,Black
NZXT C850 (2024),124.99,ATX,gold,850,Full,Black
Segotep GN,59.99,ATX,gold,650,Non-modular,Black
Lian Li EDGE,227.44,ATX,platinum,1300,Full,White
Corsair RM750x SHIFT,154.99,ATX,gold,750,Full,Black
Corsair CX (2023),89.99,ATX,bronze,750,Non-modular,Black
Gigabyte UD850GM,100.0,ATX,gold,850,Full,Black
SeaSonic Focus GX V4 ATX 3 (2024),159.99,ATX,gold,850,Full,Black
Corsair CX750M (2021),99.99,ATX,bronze,750,Semi,Black
Lian Li EDGE GOLD,120.99,ATX,gold,850,Full,White
Apevia CAPTAIN,31.99,ATX,Unknown,550,Non-modular,Black
SAMA GT,64.99,ATX,gold,650,Full,White
MSI A1000G PCIE5,191.0,ATX,gold,1000,Full,Black
Silverstone HELA,540.99,ATX,Unknown,2050,Full,Black / White
MSI MPG A850G PCIE5,164.99,ATX,gold,850,Full,Black
Lian Li EDGE,205.99,ATX,platinum,1300,Full,Black
Asus TUF Gaming 850G,133.96,ATX,gold,850,Full,Black
Cooler Master MWE GOLD 750 V2 FULL MODULAR,103.99,ATX,gold,750,Full,Black
Asus ROG LOKI,309.99,SFX,titanium,1200,Full,Black / White
be quiet! Dark Power Pro 13,449.9,ATX,titanium,1600,Full,Black
MSI MAG A650BE,69.98,ATX,bronze,650,Semi,Black
Corsair RM850e (2025),129.99,ATX,Unknown,850,Full,White
SeaSonic Focus GX V4 ATX 3 (2024),129.9,ATX,gold,750,Full,Black
Lian Li EDGE GOLD,109.99,ATX,gold,850,Full,Black
Cooler Master V750 SFX GOLD,139.99,SFX,gold,750,Full,Black
Apevia Galaxy,69.98,ATX,gold,850,Semi,Black
SAMA GT,74.99,ATX,gold,750,Full,White
MSI MAG A1000GL PCIE5,179.69,ATX,gold,1000,Full,Black
EVGA 400 N1,46.25,ATX,Unknown,400,Non-modular,Unknown
Vetroo 50315153244479,89.99,ATX,gold,850,Full,Black
Thermaltake Toughpower GF A3 Snow,129.99,ATX,gold,850,Full,White
Corsair HX1500i (2025),348.99,ATX,platinum,1500,Full,Black
NZXT C1000 (2024),164.99,ATX,gold,1000,Full,Black
SeaSonic Focus GX V4 ATX 3 (2024),186.98,ATX,gold,1000,Full,Black
Vetroo 50315153277247,89.99,ATX,gold,850,Full,White
NZXT C1200 (2024),199.99,ATX,gold,1200,Full,Black
Thermaltake Smart BM3,69.98,ATX,bronze,650,Semi,Black
be quiet! Power Zone 2,163.41,ATX,platinum,850,Full,Black
be quiet! Pure Power 12 M,94.9,ATX,gold,650,Full,Black
be quiet! Pure Power 11,136.76,ATX,gold,400,Non-modular,Black
Lian Li SP850,138.99,SFX,gold,850,Full,Black
ASRock Challenger CL-750G,69.99,ATX,gold,750,Non-modular,Black
Asus ROG Strix,229.99,ATX,platinum,1000,Full,Black
SeaSonic PRIME TX-1600 ATX 3.1,550.99,ATX,titanium,1600,Full,Black / Silver
MSI MEG Ai1300P PCIE5,386.99,ATX,platinum,1300,Full,Black / Copper
EVGA SuperNOVA 1000 P5,175.41,ATX,platinum,1000,Full,Blue / Black
be quiet! Straight Power 12,199.9,ATX,platinum,1000,Full,Black
Montech APX,49.8,ATX,plus,650,Non-modular,Black
Apevia Prestige,66.98,ATX,gold,800,Non-modular,Black
EVGA 750 N1,69.98,ATX,Unknown,750,Non-modular,Unknown
Corsair HX1000i (2023),259.99,ATX,platinum,1000,Full,Black
Corsair RM1200x SHIFT,229.99,ATX,gold,1200,Full,Black
Cooler Master MWE Gold 750 V3,99.99,ATX,gold,750,Full,Black
Super Flower Leadex Titanium,849.99,ATX,titanium,2800,Full,Black
EVGA SuperNOVA 850 GT,129.98,ATX,gold,850,Full,Black
Corsair HX1200i (2025),344.99,ATX,platinum,1200,Full,Black
Cooler Master MWE Gold 850 V3,107.5,ATX,gold,850,Full,Black
Asus TUF Gaming 750G,126.49,ATX,gold,750,Full,Black
EVGA 500 W1,72.0,ATX,plus,500,Non-modular,Unknown
MSI MEG Ai-T PCIE5,687.99,ATX,titanium,1600,Full,Black / Gold
EVGA 1000 GQ,128.94,ATX,gold,1000,Semi,Unknown
Thermaltake Smart BM3,79.98,ATX,bronze,750,Semi,Black
Montech CENTURY II,129.9,ATX,gold,1200,Full,Black
Thermaltake Toughpower GF A3 Snow,169.99,ATX,gold,1050,Full,White
Corsair RM1200e,199.99,ATX,gold,1200,Full,Black
be quiet! Straight Power 12,226.21,ATX,platinum,1200,Full,Black
Corsair RM750x (2018),183.88,ATX,gold,750,Full,Black
Apevia Premier,54.99,ATX,gold,650,Semi,Black
Corsair RM1000x SHIFT,199.99,ATX,gold,1000,Full,White
SeaSonic PRIME TX-1600 Noctua Edition,654.0,ATX,titanium,1600,Full,Brown / Black
Asus Prime AP-750G,119.99,ATX,gold,750,Full,White / Black
Corsair RM850x SHIFT,179.99,ATX,gold,850,Full,Black
be quiet! Pure Power 12 M,169.9,ATX,gold,1200,Full,Black
Thermaltake Toughpower GF1 (2024),99.99,ATX,gold,750,Full,Black
Corsair RM1000x,248.97,ATX,gold,1000,Full,Unknown
ASRock Steel Legend SL-750G,89.99,ATX,gold,750,Full,Black
Corsair RM850x SHIFT,169.99,ATX,gold,850,Full,White
Cooler Master V SFX Platinum,207.49,SFX,platinum,1100,Full,Black
Segotep GM,94.99,ATX,gold,850,Full,Black
Silverstone SFX,127.25,SFX,gold,500,Full,Black
CoolMax V-400,24.99,ATX,Unknown,400,Non-modular,Unknown
Gigabyte AORUS ELITE P850,164.99,ATX,platinum,850,Full,Black
Asus Prime AP-850G,139.99,ATX,gold,850,Full,White / Black
Lian Li SP850,144.99,SFX,gold,850,Full,White
MSI MPG A1000GS PCIE5,149.99,ATX,gold,1000,Full,Black
EVGA SuperNOVA 750 GT,115.98,ATX,gold,750,Full,Black
MSI MAG A1250GL PCIE5,209.99,ATX,gold,1250,Full,Black
be quiet! Dark Power Pro 13,399.9,ATX,titanium,1300,Full,Black
Gigabyte UD-GM PG5,146.72,ATX,gold,750,Full,Black
SeaSonic VERTEX GX-1000,199.99,ATX,gold,1000,Full,Black / Silver
Corsair RM650 (2019),229.99,ATX,gold,650,Full,Black
CoolMax I-500,26.14,ATX,Unknown,500,Non-modular,Unknown
Montech APX,54.9,ATX,plus,750,Non-modular,Black
SeaSonic CORE GX ATX 3 (2024),99.98,ATX,gold,650,Full,Black
SeaSonic VERTEX PX-1200,319.99,ATX,platinum,1200,Full,Black / Silver
Thermaltake Toughpower GF A3 - TT Premium Edition,136.72,ATX,gold,1050,Full,Black
Asus ROG LOKI,239.99,SFX,platinum,850,Full,White / Silver
Lian Li EDGE GOLD,475.18,ATX,gold,1000,Full,White
EVGA 700 BR,94.46,ATX,bronze,700,Non-modular,Unknown
Corsair RM1000x SHIFT,214.99,ATX,gold,1000,Full,Black
Apevia Galaxy,79.98,ATX,gold,1000,Semi,Black
be quiet! SFX L Power,142.05,SFX,gold,500,Full,Black
be quiet! Pure Power 13 M,134.9,ATX,gold,850,Full,Black
Rosewill CMG850,79.99,ATX,gold,850,Full,Black
EVGA 750 GQ,123.03,ATX,gold,750,Semi,Unknown
MSI MPG A850GS PCIE5,129.99,ATX,gold,850,Full,Black
be quiet! Power Zone 2,194.99,ATX,platinum,1000,Full,Black
be quiet! Power Zone 2,129.9,ATX,platinum,750,Full,Black
be quiet! Dark Power 13,239.9,ATX,titanium,850,Full,Black
ASRock Taichi TC-1650T,518.99,ATX,titanium,1650,Full,Black / Silver
be quiet! Straight Power 12,237.56,ATX,platinum,1500,Full,Black
SeaSonic FOCUS GX,175.26,ATX,gold,750,Full,Black
ADATA XPG CYBERCORE,129.99,ATX,platinum,1000,Full,Black / Silver
ASRock Steel Legend SL-850G,99.99,ATX,gold,850,Full,Black
Apevia ATX-ES700-RGB,48.99,ATX,Unknown,700,Semi,Black
ADATA XPG PYLON,81.93,ATX,bronze,650,Non-modular,Black
be quiet! SFX Power 3 450,124.41,SFX,bronze,450,Non-modular,Black
Corsair RM850,115.98,ATX,gold,850,Full,Black
Corsair RM1200x SHIFT,269.99,ATX,gold,1200,Full,White
be quiet! Pure Power 12,139.9,ATX,gold,1000,Non-modular,Black
Corsair RM850x (2018),209.5,ATX,gold,850,Full,Black
SeaSonic VERTEX GX-1200,247.99,ATX,gold,1200,Full,Black / Silver
Asus ROG LOKI,264.99,SFX,platinum,1000,Full,Silver / Black
MSI MAG A750BE,79.98,ATX,bronze,750,Semi,Black
MSI MAG A750GL PCIE5 II,115.0,ATX,gold,750,Full,Black
EVGA 850 GQ,84.99,ATX,gold,850,Semi,Unknown
Lian Li EDGE GOLD,481.17,ATX,gold,1000,Full,Black
Asus TUF Gaming 1000G,194.99,ATX,gold,1000,Full,White
Thermaltake Toughpower GX3,91.99,ATX,gold,850,Non-modular,Black
Asus ROG THOR P2 Gaming,359.99,ATX,platinum,1000,Full,Silver / Black
Thermaltake Toughpower GF3 TT Premium,185.99,ATX,gold,1200,Full,Black
Thermaltake Toughpower GF A3 - TT Premium Edition,100.09,ATX,gold,850,Full,Black
Corsair CX650 (2017),147.24,ATX,bronze,650,Non-modular,Unknown
Cooler Master V SFX Gold ATX 3.0,139.99,SFX,gold,850,Full,Black
Asus TUF Gaming 1200G,217.99,ATX,gold,1200,Full,Black
Silverstone DA850R-GMA,173.99,ATX,gold,850,Full,Black
Corsair RM750e (2022),175.0,ATX,gold,750,Full,Black
Corsair HX1200 Platinum,405.0,ATX,platinum,1200,Full,Unknown
be quiet! Pure Power 13 M,109.9,ATX,gold,750,Full,Black
SeaSonic FOCUS Plus 650 Gold,150.8,ATX,gold,650,Full,Unknown
Gigabyte UD750GM-A,89.99,ATX,gold,750,Full,Black
Silverstone Extreme 500 Bronze,106.64,SFX,bronze,500,Non-modular,Black / White
be quiet! Pure Power 12,107.98,ATX,gold,750,Non-modular,Black
ADATA XPG PYLON,102.51,ATX,bronze,550,Non-modular,Black
NZXT C1200,259.99,ATX,gold,1200,Full,Black
Lian Li EDGE GOLD,539.37,ATX,gold,1200,Full,White
MSI MAG A850GL PCIE5 II,129.99,ATX,gold,850,Full,Black
EVGA 650 N1,64.98,ATX,Unknown,650,Non-modular,Unknown
Cooler Master V850 SFX GOLD,169.99,SFX,gold,850,Full,White
be quiet! SFX L Power,203.42,SFX,gold,600,Full,Black
Corsair HX1000 Platinum,405.0,ATX,platinum,1000,Full,Unknown
Lian Li EDGE GOLD,534.05,ATX,gold,1200,Full,Black
SeaSonic Focus GX V4 ATX 3 (2024),207.99,ATX,gold,1000,Full,White
Silverstone FX500-G,157.08,Flex ATX,gold,500,Non-modular,Black
Vetroo GV1000,129.99,ATX,gold,1000,Full,White
Asus ROG Strix,169.99,ATX,gold,850,Full,White
EVGA SuperNOVA 1300 G+,239.99,ATX,gold,1300,Full,Black
Montech APX,54.99,ATX,plus,550,Non-modular,Black
EVGA 650 GQ,146.03,ATX,gold,650,Semi,Unknown
Silverstone SFX,232.63,SFX,titanium,800,Full,Black
be quiet! Straight Power 12,169.9,ATX,platinum,850,Full,Black
be quiet! Pure Power 13 M,159.9,ATX,gold,1000,Full,Black
Asus ROG LOKI,189.99,SFX,platinum,750,Full,Black / Silver
Gigabyte UD1000GM PG5 (rev. 2.0),147.97,ATX,gold,1000,Full,Black
be quiet! Pure Power 12,163.81,ATX,gold,650,Non-modular,Black
NZXT C1500,369.99,ATX,platinum,1500,Full,Black
SeaSonic VERTEX PX-1000,269.99,ATX,platinum,1000,Full,Black / Silver
"FSP Group Hydro Ti PRO,Gen 5",269.99,ATX,titanium,1000,Full,Black
Thermaltake Toughpower GF3 Snow,185.99,ATX,gold,1200,Full,White
Thermaltake Smart BM3,99.99,ATX,bronze,850,Semi,Black
Asus ROG LOKI,219.99,SFX,platinum,850,Full,Black / Silver
Asus ROG Strix,122.5,ATX,gold,750,Full,Black / Red
SeaSonic S12III,88.0,ATX,bronze,650,Non-modular,Black
Silverstone FX600 Platinum,210.78,Flex ATX,Unknown,600,Non-modular,Black
SeaSonic Focus GX V4 ATX 3 (2024),168.99,ATX,gold,850,Full,White
EVGA SuperNOVA 650 G3,182.49,ATX,gold,650,Full,Unknown
Vetroo GV1000,129.99,ATX,gold,1000,Full,Black
Asus ROG-STRIX-850G,179.6,ATX,gold,850,Full,Black
Corsair RM750x,188.86,ATX,gold,750,Full,Unknown
be quiet! Dark Power 13,211.14,ATX,titanium,750,Full,Black
Cooler Master V Platinum V2,309.99,ATX,platinum,1600,Full,Black / Purple
Thermaltake Smart BX1 650,63.43,ATX,bronze,650,Non-modular,Black
EVGA SuperNOVA 1600 T2,699.99,ATX,titanium,1600,Full,Unknown
SeaSonic CORE GX ATX 3 (2024),111.91,ATX,gold,850,Full,Black
SAMA GT,74.99,ATX,gold,750,Full,Black
Corsair RM850x,201.88,ATX,gold,850,Full,Unknown
EVGA 500 BR,165.0,ATX,bronze,500,Non-modular,Unknown
Thermaltake Toughpower SFX,194.99,SFX,platinum,1000,Full,Black
FSP Group Dagger Pro,137.43,SFX,gold,650,Full,Black
Super Flower Leadex III Gold UP,129.99,ATX,gold,850,Full,Black
SAMA GT,79.99,ATX,gold,850,Full,Black
MSI MPG A1250GS PCIE5,229.99,ATX,gold,1250,Full,Black
Lian Li EDGE GOLD,99.99,ATX,gold,750,Full,Black
SAMA GT,79.99,ATX,gold,850,Full,White
be quiet! Pure Power 12,119.9,ATX,gold,850,Non-modular,Black
Super Flower LEADEX VII Platinum PRO,199.99,ATX,platinum,1000,Full,Black
NZXT C1200 (2024),196.99,ATX,gold,1200,Full,White
Silverstone SFX,87.31,SFX,bronze,300,Non-modular,Black
Asus ROG THOR P2 Gaming,209.12,ATX,platinum,850,Full,Black / Silver
Asus ROG STRIX 1000G,290.95,ATX,gold,1000,Full,Black
Corsair HX1000i,429.99,ATX,platinum,1000,Full,Unknown
ASRock Steel Legend SL-1000G,129.99,ATX,gold,1000,Full,Black
ASRock Phantom Gaming PG-850G,109.99,ATX,gold,850,Full,Black
SeaSonic FOCUS SGX (2021),210.99,SFX,gold,750,Full,Black
Rosewill CMG1000G5,99.99,ATX,gold,1000,Full,Black
be quiet! Pure Power 9 CM,249.62,ATX,bronze,600,Semi,Black
Thermaltake Toughpower SFX,159.99,SFX,platinum,850,Full,Black
Gigabyte P850GM,174.9,ATX,gold,850,Full,Black
Corsair RM750x SHIFT,139.99,ATX,gold,750,Full,White
Super Flower LEADEX VII XG,159.99,ATX,gold,850,Full,Black
MSI MAG A850GN PCIE5,104.99,ATX,gold,850,Non-modular,Black
Silverstone HELA 1200R,320.72,ATX,platinum,1200,Full,Black
Super Flower LEADEX VII Platinum PRO,239.99,ATX,platinum,1200,Full,Black
EVGA 700 GD,89.0,ATX,gold,700,Non-modular,Black
Gigabyte AORUS ELITE P1000,221.13,ATX,platinum,1000,Full,Black
EVGA SuperNOVA 1300 P+,209.43,ATX,platinum,1300,Full,Black
Super Flower Leadex III Gold UP,159.99,ATX,gold,1000,Full,Black
Vetroo GV1000,129.99,ATX,gold,1000,Full,Pink
be quiet! System Power 10,205.0,ATX,bronze,550,Non-modular,Black
ASRock Steel Legend SL-850GW,134.99,ATX,gold,850,Full,White
MSI MPG A1000G,257.3,ATX,gold,1000,Full,Black
Thermaltake TR2 S,70.61,ATX,plus,600,Non-modular,Black
Corsair RM850e (2022),200.0,ATX,gold,850,Full,Black
SeaSonic VERTEX GX-850,149.99,ATX,gold,850,Full,Black / Silver
Silverstone FX350-G,112.14,Flex ATX,gold,350,Non-modular,Black
SeaSonic Focus GX V4 ATX 3 (2024),114.74,ATX,gold,750,Full,White
FSP Group Hydro GE,84.99,ATX,gold,650,Full,Unknown
Corsair RM1000e (2022),265.0,ATX,gold,1000,Full,Black
Apevia ATX-PR850W PCIE5.0,74.98,ATX,gold,850,Non-modular,Black
Gigabyte UD850GM-A PG5,119.99,ATX,gold,850,Full,Black
GameMax GX Pro Rampage,159.99,ATX,platinum,1050,Full,White
SeaSonic FOCUS GX-750 ATX 3.0,154.0,ATX,gold,750,Full,Black
ASRock Challenger CL-650B,62.99,ATX,bronze,650,Non-modular,Black
Thermaltake Toughpower GF A3 - TT Premium Edition,159.99,ATX,gold,1200,Full,Black
Thermaltake Toughpower GF3 TT Premium,167.99,ATX,gold,1350,Full,Black
Super Flower LEADEX VII XG,229.99,ATX,gold,1300,Full,Black
Asus ROG Strix Aura Edition,204.24,ATX,gold,1000,Full,Black
SeaSonic FOCUS GX,150.41,ATX,gold,650,Full,Black
Azza PSAZ-650W,59.99,ATX,bronze,650,Non-modular,Black
Cooler Master V1300 Platinum,391.9,ATX,platinum,1300,Full,Black
be quiet! Straight Power 12,172.99,ATX,platinum,750,Full,Black
Thermaltake Toughpower GF A3 - TT Premium Edition,109.99,ATX,gold,750,Full,Black
ASRock Phantom Gaming PG-1000G,149.99,ATX,gold,1000,Full,Black
Corsair CX450M (2015),119.99,ATX,bronze,450,Semi,Unknown
Razer Katana Chroma,119.99,ATX,platinum,850,Full,Black
Azza PSAZ-750W,74.98,ATX,bronze,750,Non-modular,Black
ASRock Steel Legend SL-650G,97.99,ATX,gold,650,Full,Black
ENDORFY Vero L5,99.82,ATX,bronze,600,Non-modular,Black
GAMDIAS KRATOS M1 B,64.98,ATX,bronze,750,Non-modular,Black
Asus TUF Gaming B,84.99,ATX,bronze,550,Non-modular,Black
EVGA 650 BQ,146.03,ATX,bronze,650,Semi,Unknown
Corsair RM850x (2018),407.0,ATX,gold,850,Full,White / Black
Super Flower Leadex III Gold UP,179.99,ATX,gold,1300,Full,Black
Silverstone Zeus 1650R,557.45,ATX,titanium,1650,Full,Unknown
be quiet! System Power 9 CM,204.42,ATX,bronze,400,Semi,Black
Super Flower LEADEX VII Platinum PRO,239.99,ATX,platinum,1200,Full,White
GameMax RGB Pro,109.99,ATX,gold,850,Full,White
Silverstone Essential,74.25,ATX,gold,550,Non-modular,Black / Yellow
Fractal Design Ion Gold,226.04,ATX,gold,850,Full,Black
Cooler Master MWE Bronze V2,179.34,ATX,bronze,750,Non-modular,Black
Thermaltake Toughpower GF3 TT Premium,299.99,ATX,gold,1650,Full,Black
ASRock Phantom Gaming PG-750G,99.99,ATX,gold,750,Full,Black
ASRock Phantom Gaming PG-1300G,189.99,ATX,gold,1300,Full,Black
be quiet! System Power 10,257.84,ATX,gold,850,Non-modular,Black
Super Flower Leadex III Gold UP,119.99,ATX,gold,750,Full,Black
ASRock Challenger CL-550B,57.99,ATX,bronze,550,Non-modular,Black
Asus ROG Strix Aura Edition,139.99,ATX,gold,750,Full,Black
EVGA SuperNOVA 650 P6,155.54,ATX,platinum,650,Full,Black / Silver
ASRock Phantom Gaming PG-1600G,249.99,ATX,gold,1600,Full,Black
EVGA 850 BQ,119.0,ATX,bronze,850,Semi,Unknown
EVGA SuperNOVA 650 GA,229.99,ATX,gold,650,Full,Black
Super Flower Zillion FG,109.99,ATX,gold,850,Full,Black
Thermaltake Toughpower PF3-L,149.99,ATX,platinum,850,Full,Black
ASRock Steel Legend SL-1000GW,159.99,ATX,gold,1000,Full,White
ADATA XPG CYBERCORE,169.99,ATX,platinum,1300,Full,Black / Silver
FSP Group FSP400-60FGGBA,99.99,Flex ATX,gold,400,Non-modular,Silver
Cooler Master V750 SFX GOLD,149.99,SFX,gold,750,Full,White
Thermaltake Smart BX1 550,62.49,ATX,bronze,550,Non-modular,Black
Corsair CXM,155.0,ATX,bronze,750,Semi,Unknown
Cooler Master V SFX Platinum,677.0,SFX,platinum,1300,Full,Black
Silverstone SX500-G,113.22,SFX,gold,500,Full,Black
Asus ROG Strix,287.02,ATX,platinum,850,Full,Black
MSI MPG A850GF,237.49,ATX,gold,850,Full,Black
EVGA 750 BQ,168.73,ATX,bronze,750,Semi,Unknown
SeaSonic PRIME PX-1600 ATX 3.0,469.99,ATX,platinum,1600,Full,Black / Silver
Montech TITAN PLA,239.0,ATX,platinum,1200,Full,White
ASRock Challenger CL-750B,74.99,ATX,bronze,750,Non-modular,Black
Thermaltake TR2 S,102.55,ATX,plus,700,Non-modular,Black
be quiet! System Power 9 700 CM,195.36,ATX,bronze,700,Semi,Black
NZXT C550,89.98,ATX,bronze,550,Semi,Black
EVGA SuperNOVA 1000 P2,499.0,ATX,platinum,1000,Full,Unknown
NZXT C650 (2022),139.98,ATX,gold,650,Full,Black
Thermaltake Toughpower SFX,139.38,SFX,platinum,750,Full,Black
Corsair RM650,229.99,ATX,gold,650,Full,Black
SeaSonic SSP-300SFG,108.6,SFX,gold,300,Non-modular,Silver
SeaSonic PRIME Fanless,365.28,ATX,titanium,700,Full,Black
Corsair HX1500i (2022),478.99,ATX,platinum,1500,Full,Black
Asus ROG Strix Aura Edition,209.99,ATX,gold,1000,Full,White
ASRock Challenger CL-850G,89.99,ATX,gold,850,Non-modular,Black
Super Flower LEADEX VII XG,184.99,ATX,gold,1000,Full,White
Silverstone SX700-PT,187.03,SFX,platinum,700,Full,Black
be quiet! System Power 10,271.0,ATX,bronze,750,Non-modular,Black
SeaSonic G12 GC,345.72,ATX,gold,650,Non-modular,Black / Blue
EVGA 610 BP,122.38,ATX,bronze,610,Non-modular,Black
RAIJINTEK AMPERE,115.0,ATX,platinum,850,Full,Black
EVGA SuperNOVA 850 P2,399.99,ATX,platinum,850,Full,Unknown
Asus ROG Strix Aura Edition,184.99,ATX,gold,850,Full,Black
EVGA 650 B5,189.99,ATX,bronze,650,Full,Black
Silverstone SX1000-LPT,319.99,SFX,platinum,1000,Full,Black
EVGA SuperNOVA 1000 G5,237.42,ATX,gold,1000,Full,Black / Green
Silverstone SST-TX300,59.0,TFX,bronze,300,Non-modular,Black
Thermaltake Toughpower GF2 ARGB,99.98,ATX,gold,650,Full,Black
EVGA 600 B1,176.99,ATX,bronze,600,Non-modular,Unknown
SHARKOON SilentStorm,186.62,SFX,gold,500,Full,Black
Silverstone SFX,168.95,SFX,platinum,700,Full,Black
Thermaltake Toughpower PF3-L,219.99,ATX,platinum,1200,Full,Black
Antec NE1000G M ATX3.0,179.99,ATX,gold,1000,Full,Black
ASRock Taichi TC-1300T,449.99,ATX,titanium,1300,Full,Black / Silver
Corsair HX1200i,449.0,ATX,platinum,1200,Full,Unknown
SeaSonic PRIME Titanium,599.0,ATX,titanium,1000,Full,Unknown
Silverstone TX500-G,159.79,TFX,gold,500,Non-modular,Black
Thermaltake Smart RGB 230V,136.0,ATX,plus,500,Non-modular,Black
"FSP Group Hydro PTM X PRO,Gen5",179.99,ATX,platinum,1000,Full,Black
Super Flower LEADEX VII XG,189.99,ATX,gold,1000,Full,Black
Athena Power AP-MFATX40P8,74.98,Flex ATX,bronze,400,Non-modular,Silver
Super Flower LEADEX VII Platinum PRO,169.99,ATX,platinum,850,Full,Black
GAMDIAS HELIOS P2-850G,89.99,ATX,gold,850,Non-modular,Black
Montech TITAN PLA,189.0,ATX,platinum,850,Full,White
Thermaltake Toughpower GF1 PE,215.99,ATX,gold,850,Full,Black
Silverstone Strider Titanium,389.99,ATX,titanium,1300,Full,Black / Blue
ENDORFY Supremo FM5,179.19,ATX,gold,750,Full,Black
SeaSonic G12 GM,292.64,ATX,gold,850,Semi,Black / Blue
Rosewill CMG1200G5,129.99,ATX,gold,1200,Full,Black
EVGA 850 B5,169.0,ATX,bronze,850,Full,Black
Silverstone SFX,111.08,SFX,bronze,450,Non-modular,Black
EVGA SuperNOVA 1600 P+,459.33,ATX,platinum,1600,Full,Black
Thermaltake Toughpower PF3-L,184.99,ATX,platinum,1050,Full,Black
SeaSonic VERTEX PX-850,309.35,ATX,platinum,850,Full,Black / Silver
Silverstone DA1000R,245.58,ATX,gold,1000,Full,Black
FSP Group FSP300-57FCB,129.99,Flex ATX,gold,300,Full,Black
Fractal Design Ion Gold,208.11,ATX,gold,750,Full,Black
Enermax Revolution D.F. X,149.99,ATX,gold,1350,Full,Black
"FSP Group Hydro PTM X PRO,Gen5",209.99,ATX,platinum,1200,Full,Black
SeaSonic Prime Fanless PX-500,255.07,ATX,platinum,500,Full,Black
Corsair HX1000i (2022),260.0,ATX,platinum,1000,Full,Black
SeaSonic VERTEX GX-750,149.99,ATX,gold,750,Full,Black / Silver
Montech TITAN PLA,219.62,ATX,platinum,1000,Full,White
Azza PSAZ-550W,54.99,ATX,bronze,550,Non-modular,Black
Silverstone SX-G,152.99,SFX,gold,700,Full,Black
ENDORFY Vero L5,89.92,ATX,bronze,500,Non-modular,Black
Cooler Master MWE White V2 230V,126.29,ATX,plus,700,Non-modular,Black
Silverstone HELA 850R,220.85,ATX,platinum,850,Full,Black / Silver
NZXT C650,99.98,ATX,bronze,650,Semi,Black
SeaSonic PRIME 1300 Gold,289.98,ATX,gold,1300,Full,Black
Gigabyte UD1300GM PG5,219.99,ATX,gold,1300,Full,Black
GameMax RGB,199.99,ATX,platinum,1300,Full,Black
EVGA SuperNOVA 750 P2,449.99,ATX,platinum,750,Full,Unknown
Silverstone Essential,68.2,ATX,bronze,550,Non-modular,Black
EVGA SuperNOVA 1200 P3,363.17,ATX,platinum,1200,Full,Black / Silver
Antec NE1000G M White ATX 3.0,283.18,ATX,gold,1000,Full,White
Montech TITAN PLA,139.0,ATX,platinum,750,Full,White
Enermax PlatiGemini,259.99,ATX,platinum,1200,Full,Black
Silverstone TX700-G,210.45,TFX,gold,700,Non-modular,Black
Thermaltake Smart RGB 230V,74.48,ATX,plus,600,Non-modular,Black
Cougar VTE,76.54,ATX,bronze,600,Non-modular,Black
Antec GSK ATX3.1,173.07,ATX,gold,750,Full,Black
EVGA SuperNOVA 1000 G3,399.99,ATX,gold,1000,Full,Unknown
"FSP Group Hydro PTM X PRO,Gen5",160.56,ATX,platinum,850,Full,Black
FSP Group FSP300-60LG,133.59,Mini ITX,bronze,300,Non-modular,Black
Cooler Master V750 Gold V2,193.9,ATX,gold,750,Full,Black
Inter-Tech Argus RGB II,106.57,ATX,bronze,500,Non-modular,Black
Silverstone Strider,98.34,ATX,bronze,700,Full,Unknown
Montech CENTURY G5,99.71,ATX,gold,750,Full,Black
Antec VP,39.99,ATX,Unknown,450,Non-modular,Unknown
Antec CSK,126.9,ATX,bronze,550,Non-modular,Black / Yellow
EVGA SuperNOVA 1600 P2,799.99,ATX,platinum,1600,Full,Unknown
SeaSonic PRIME TX,673.36,ATX,titanium,1600,Full,Black / Silver
NOX URANO VX,73.87,ATX,bronze,750,Non-modular,Black / Orange
Silverstone Strider Platinum S,292.99,ATX,platinum,1200,Full,Black
Thermaltake Toughpower iRGB PLUS 750,118.5,ATX,gold,750,Full,Black
GameMax RGB Rainbow,160.99,ATX,gold,1050,Full,Black
GameMax RGB Pro,139.99,ATX,gold,1050,Full,White
EVGA SuperNOVA 1000 T2,649.99,ATX,titanium,1000,Full,Unknown
Super Flower Zillion FG,139.99,ATX,gold,1050,Full,Black
Silverstone Strider Platinum,162.22,ATX,platinum,650,Full,Unknown
NZXT E850,134.94,ATX,gold,850,Full,Black
Cooler Master XG850 Plus,145.99,ATX,platinum,850,Full,Black
SHARKOON SilentStorm Cool Zero 650,169.64,ATX,gold,650,Full,Black
Gigabyte AORUS P GM,180.31,ATX,gold,750,Full,Black / Silver
Corsair AX850,319.99,ATX,gold,850,Full,Unknown
Corsair TX650,255.0,ATX,plus,650,Non-modular,Unknown
Cooler Master MWE Gold V2 ATX3.0,313.0,ATX,gold,1250,Full,Black
EVGA 500 BA,109.99,ATX,bronze,500,Non-modular,Black
SeaSonic VERTEX PX-750,324.46,ATX,platinum,750,Full,Black / Silver
Xilence XP600R6,174.35,ATX,Unknown,600,Non-modular,Black / Red
FSP Group Hydro PTM PRO,139.99,ATX,platinum,850,Full,Black
Silverstone Strider Platinum S,215.21,ATX,platinum,1000,Full,Black
SeaSonic FOCUS GX,486.87,ATX,gold,1000,Full,Black
RAIJINTEK AMPERE,162.9,ATX,platinum,1200,Full,Black
NZXT C (2019),215.01,ATX,gold,850,Full,Black
SeaSonic SSP-300SUG,119.0,Flex ATX,gold,300,Non-modular,Silver
Razer Katana Chroma,389.99,ATX,platinum,1200,Full,Black
RAIJINTEK AMPERE,139.9,ATX,platinum,1000,Full,Black
EVGA SuperNOVA 650 P2,399.99,ATX,platinum,650,Full,Unknown
Silverstone Essential,91.98,ATX,gold,550,Semi,Black
Xilence XP750R6.2,94.75,ATX,plus,750,Non-modular,Black
Sparkle FSP300-60ATV,59.99,ATX,Unknown,300,Non-modular,Unknown
Antec NE1300G M ATX3.0,236.67,ATX,gold,1300,Full,Black
RAIJINTEK AMPERE,169.9,ATX,platinum,1200,Full,White
Thermaltake Toughpower GF1 PE,169.99,ATX,gold,750,Full,Black
Inter-Tech Argus RGB CM II,213.83,ATX,gold,650,Semi,Black
Silverstone Essential,107.51,ATX,gold,750,Semi,Black / Blue
Apex AL-8250SFX,83.71,SFX,Unknown,250,Non-modular,Silver
MSI MAG A-GL PCIE5 II,155.09,ATX,gold,1000,Full,Black
Silverstone Extreme 850R Platinum,255.21,SFX,Unknown,850,Full,Black
Silverstone Strider,487.49,ATX,silver,1500,Full,Black
FSP Group Hydro PTM PRO,129.99,ATX,platinum,750,Full,Black
Enermax MAXREVO SLI,139.99,ATX,gold,1350,Full,Black / Gold
Silverstone DA750 Gold,148.72,ATX,gold,750,Full,Black / White
Antec High Current Gamer PRO ATX3.1,292.7,ATX,platinum,1000,Full,Black
Inter-Tech Argus RGB CM II,239.14,ATX,gold,750,Semi,Black
Chieftec ATMOS,207.7,ATX,gold,850,Full,Black
Silverstone ST75F-GS-V3,125.99,ATX,gold,750,Full,Black
Gigabyte UD850GM-A,109.99,ATX,gold,850,Full,Black
SHARKOON Rebel P20 SFX,490.9,SFX,platinum,1000,Full,Black
Azza ARGB,64.98,ATX,bronze,650,Non-modular,Black
Silverstone Strider Platinum,150.38,ATX,platinum,750,Full,Unknown
FSP Group Hydro GE,84.99,ATX,gold,650,Full,Black
PC Cooler YS850,129.99,ATX,gold,850,Full,Black
EVGA SuperNOVA 1600 G2,599.99,ATX,gold,1600,Full,Unknown
Silverstone SX1000R-PL,326.99,SFX,platinum,1000,Full,Black / White
Silverstone Essential,95.32,ATX,gold,750,Non-modular,Black / Yellow
In Win P130II,249.0,ATX,platinum,1300,Full,Black
EVGA 710 BP,200.29,ATX,bronze,710,Non-modular,Black
FSP Group FSP500-50FSPT,198.99,Flex ATX,platinum,500,Non-modular,Silver
PC Power & Cooling Silencer,186.89,ATX,platinum,1050,Full,Unknown
Thermaltake TOUGHPOWER PF1 ARGB,199.98,ATX,platinum,850,Full,Unknown
Chieftec ATMOS,181.58,ATX,gold,750,Full,Black
Silverstone Strider Titanium,363.99,ATX,titanium,1100,Full,Black / Blue
Silverstone ST85F-GS-V2,131.33,ATX,gold,850,Full,Unknown
FSP Group FSP220-60LE(80),79.98,Mini ITX,plus,220,Non-modular,Silver
Antec High Current Gamer,155.31,ATX,bronze,620,Semi,Unknown
Thermaltake Smart BM2,327.49,ATX,bronze,750,Semi,Black
Thermaltake Smart SE,243.57,ATX,Unknown,630,Semi,Unknown
Antec Signature Platinum,384.9,ATX,platinum,1300,Full,Black
ADATA XPG FUSION 1600,599.99,ATX,titanium,1600,Full,Black / Silver
Thermaltake Smart SE,145.0,ATX,Unknown,530,Semi,Black
be quiet! TFX Power 3 300,143.97,TFX,gold,300,Non-modular,Black
PC Cooler YS1000,179.99,ATX,gold,1000,Full,Black
Silverstone TX300,90.97,TFX,bronze,300,Non-modular,Black
In Win P105II,199.0,ATX,platinum,1050,Full,Black
Corsair AX650,250.0,ATX,gold,650,Full,Unknown
In Win P85,211.74,ATX,gold,850,Full,Black
Antec Earthwatts Green,108.11,ATX,plus,500,Non-modular,Unknown
Athena Power Apollo,55.99,SFX,Unknown,300,Non-modular,Silver
Corsair TX750 V2,300.0,ATX,bronze,750,Non-modular,Unknown
Fractal Design Ion Gold,238.0,ATX,gold,550,Full,Black
Thermaltake Smart,196.56,ATX,bronze,750,Semi,Unknown
Rosewill CFZ,99.99,ATX,bronze,750,Semi,Black
Rosewill VALENS-600,140.0,ATX,gold,600,Non-modular,Unknown
Rosewill Green,80.0,ATX,plus,430,Non-modular,Unknown
Cougar GEX,159.0,ATX,gold,1050,Full,Black
Inter-Tech Argus RGB II,192.22,ATX,bronze,600,Non-modular,Black
Thermaltake Toughpower,409.46,ATX,gold,1500,Semi,Unknown
Logisys PS480D,29.99,ATX,Unknown,480,Non-modular,Unknown
Apex SL-275TFX,45.95,TFX,Unknown,275,Non-modular,Silver
Logisys PS480D2,30.99,ATX,Unknown,480,Non-modular,Unknown
Cougar POLAR,199.99,ATX,platinum,1200,Full,White
FSP Group Hydro PTM PRO,249.99,ATX,platinum,1000,Full,Black
Antec True Power,222.02,ATX,bronze,850,Full,Unknown
Thermaltake Toughpower PF1 - TT Premium Edition,362.22,ATX,platinum,1050,Full,Black
Inter-Tech Argus RGB II,173.8,ATX,bronze,700,Non-modular,Black
Cougar POLAR,209.0,ATX,platinum,1050,Full,White
Xilence XP1250MR9.2,475.05,ATX,gold,1250,Full,Black / Red
Antec Basiq,84.0,ATX,Unknown,350,Non-modular,Unknown
In Win P65,131.0,ATX,gold,650,Full,Black
CoolMax CL-500B,44.72,ATX,Unknown,500,Non-modular,Unknown
Silverstone Strider Platinum,326.99,ATX,platinum,1200,Full,Unknown
Antec Earthwatts Green,114.64,ATX,bronze,430,Non-modular,Unknown
Athena Power APOLLO 600,230.84,SFX,bronze,600,Non-modular,Black
Athena Power AP-MTFX30,36.99,TFX,Unknown,300,Non-modular,Silver
SHARKOON SilentStorm,156.97,SFX,bronze,450,Non-modular,Black
Rosewill Green,170.0,ATX,plus,530,Non-modular,Unknown
Xilence XP550R9,158.0,ATX,gold,550,Non-modular,Black / Red
Thermaltake EVO_Blue,114.99,ATX,gold,650,Semi,Unknown
SeaSonic SS-400ET Bronze,89.0,ATX,bronze,400,Non-modular,Unknown
EVGA SuperNOVA 850 GA,307.99,ATX,gold,850,Full,Unknown
Rosewill PMG750,114.99,ATX,gold,750,Full,Black
Antec Earthwatts,124.98,ATX,bronze,500,Non-modular,Unknown
PC Power & Cooling Silencer MK III,118.49,ATX,gold,750,Semi,Unknown
SeaSonic SS-850HT Silver,169.0,ATX,silver,850,Non-modular,Unknown
Chieftec Polaris 3.0,220.09,ATX,gold,1050,Full,Black
CoolMax ZX-700,134.18,ATX,plus,700,Non-modular,Unknown
VisionTek 900488,64.98,ATX,Unknown,550,Full,Unknown
Xilence XP750R12.ARGB,208.57,ATX,gold,750,Non-modular,Black
In Win IP-S300FF1-0,65.94,TFX,plus,300,Non-modular,Silver
PC Power & Cooling Silencer,282.08,ATX,platinum,1200,Full,Unknown
Chieftec Polaris 3.0,281.83,ATX,gold,850,Full,Black
XFX P1-650X-CAG9,101.3,ATX,bronze,650,Full,Unknown
Sparkle FSP350-60GNV,69.99,SFX,Unknown,350,Non-modular,Silver
CoolMax CL-700B,63.0,ATX,Unknown,700,Non-modular,Unknown
SeaSonic SS-600ES,129.01,ATX,bronze,600,Non-modular,Gray
SeaSonic Platinum,134.69,ATX,bronze,600,Non-modular,Unknown
SeaSonic SSP-300TBS,88.47,TFX,bronze,300,Non-modular,Silver
XFX Black Edition,126.99,ATX,silver,750,Full,Unknown
CoolMax ZU-1000B,301.6,ATX,bronze,1000,Semi,Unknown
CoolMax RM-1000B,103.59,ATX,Unknown,1000,Non-modular,Unknown
HEC XP1080,108.56,ATX,Unknown,1080,Full,Unknown
SeaSonic SS-300TFX Bronze,89.99,TFX,bronze,300,Non-modular,Silver
FSP Group FSP300-60LG-5K,113.74,Flex ATX,bronze,300,Non-modular,Silver
Athena Power AP-MFATX50P8,170.38,Flex ATX,silver,500,Non-modular,Silver
CoolMax CUG-950B,103.11,ATX,Unknown,950,Full,Unknown
iStarUSA TC-1200PD8G,309.99,ATX,Unknown,1200,Full,Gray
